
  .   ____          _            __ _ _
 /\\ / ___'_ __ _ _(_)_ __  __ _ \ \ \ \
( ( )\___ | '_ | '_| | '_ \/ _` | \ \ \ \
 \\/  ___)| |_)| | | | | || (_| |  ) ) ) )
  '  |____| .__|_| |_|_| |_\__, | / / / /
 =========|_|==============|___/=/_/_/_/

 :: Spring Boot ::                (v3.4.5)

2026-03-23T16:56:46.795+08:00  INFO 86664 --- [DocumentManagement] [           main] com.dms.DocumentManagementApplication    : Starting DocumentManagementApplication v0.0.1-SNAPSHOT using Java 21.0.8 with PID 86664 (D:\POC\DMS-demo\DMS\backend\target\backend-0.0.1-SNAPSHOT.jar started by cjjia in D:\POC\DMS-demo\DMS\backend)
2026-03-23T16:56:46.798+08:00  INFO 86664 --- [DocumentManagement] [           main] com.dms.DocumentManagementApplication    : No active profile set, falling back to 1 default profile: "default"
2026-03-23T16:56:48.191+08:00  INFO 86664 --- [DocumentManagement] [           main] .s.d.r.c.RepositoryConfigurationDelegate : Multiple Spring Data modules found, entering strict repository configuration mode
2026-03-23T16:56:48.196+08:00  INFO 86664 --- [DocumentManagement] [           main] .s.d.r.c.RepositoryConfigurationDelegate : Bootstrapping Spring Data Elasticsearch repositories in DEFAULT mode.
2026-03-23T16:56:48.226+08:00  INFO 86664 --- [DocumentManagement] [           main] .s.d.r.c.RepositoryConfigurationDelegate : Finished Spring Data repository scanning in 20 ms. Found 0 Elasticsearch repository interfaces.
2026-03-23T16:56:48.243+08:00  INFO 86664 --- [DocumentManagement] [           main] .s.d.r.c.RepositoryConfigurationDelegate : Multiple Spring Data modules found, entering strict repository configuration mode
2026-03-23T16:56:48.244+08:00  INFO 86664 --- [DocumentManagement] [           main] .s.d.r.c.RepositoryConfigurationDelegate : Bootstrapping Spring Data JPA repositories in DEFAULT mode.
2026-03-23T16:56:48.251+08:00  INFO 86664 --- [DocumentManagement] [           main] .s.d.r.c.RepositoryConfigurationDelegate : Finished Spring Data repository scanning in 2 ms. Found 0 JPA repository interfaces.
2026-03-23T16:56:50.216+08:00  INFO 86664 --- [DocumentManagement] [           main] o.s.b.w.embedded.tomcat.TomcatWebServer  : Tomcat initialized with port 8080 (http)
2026-03-23T16:56:50.236+08:00  INFO 86664 --- [DocumentManagement] [           main] o.apache.catalina.core.StandardService   : Starting service [Tomcat]
2026-03-23T16:56:50.236+08:00  INFO 86664 --- [DocumentManagement] [           main] o.apache.catalina.core.StandardEngine    : Starting Servlet engine: [Apache Tomcat/10.1.40]
2026-03-23T16:56:50.302+08:00  INFO 86664 --- [DocumentManagement] [           main] o.a.c.c.C.[Tomcat].[localhost].[/]       : Initializing Spring embedded WebApplicationContext
2026-03-23T16:56:50.306+08:00  INFO 86664 --- [DocumentManagement] [           main] w.s.c.ServletWebServerApplicationContext : Root WebApplicationContext: initialization completed in 3455 ms
2026-03-23T16:56:50.962+08:00  INFO 86664 --- [DocumentManagement] [           main] o.hibernate.jpa.internal.util.LogHelper  : HHH000204: Processing PersistenceUnitInfo [name: default]
2026-03-23T16:56:51.136+08:00  INFO 86664 --- [DocumentManagement] [           main] org.hibernate.Version                    : HHH000412: Hibernate ORM core version 6.6.13.Final
2026-03-23T16:56:51.204+08:00  INFO 86664 --- [DocumentManagement] [           main] o.h.c.internal.RegionFactoryInitiator    : HHH000026: Second-level cache disabled
2026-03-23T16:56:51.848+08:00  INFO 86664 --- [DocumentManagement] [           main] o.s.o.j.p.SpringPersistenceUnitInfo      : No LoadTimeWeaver setup: ignoring JPA class transformer
2026-03-23T16:56:51.916+08:00  INFO 86664 --- [DocumentManagement] [           main] com.zaxxer.hikari.HikariDataSource       : HikariPool-1 - Starting...
2026-03-23T16:56:52.257+08:00  INFO 86664 --- [DocumentManagement] [           main] com.zaxxer.hikari.pool.HikariPool        : HikariPool-1 - Added connection com.mysql.cj.jdbc.ConnectionImpl@7df3da0b
2026-03-23T16:56:52.262+08:00  INFO 86664 --- [DocumentManagement] [           main] com.zaxxer.hikari.HikariDataSource       : HikariPool-1 - Start completed.
2026-03-23T16:56:52.378+08:00  WARN 86664 --- [DocumentManagement] [           main] org.hibernate.orm.deprecation            : HHH90000025: MySQL8Dialect does not need to be specified explicitly using 'hibernate.dialect' (remove the property setting and it will be selected by default)
2026-03-23T16:56:52.380+08:00  WARN 86664 --- [DocumentManagement] [           main] org.hibernate.orm.deprecation            : HHH90000026: MySQL8Dialect has been deprecated; use org.hibernate.dialect.MySQLDialect instead
2026-03-23T16:56:52.439+08:00  INFO 86664 --- [DocumentManagement] [           main] org.hibernate.orm.connections.pooling    : HHH10001005: Database info:
	Database JDBC URL [Connecting through datasource 'HikariDataSource (HikariPool-1)']
	Database driver: undefined/unknown
	Database version: 8.0
	Autocommit mode: undefined/unknown
	Isolation level: undefined/unknown
	Minimum pool size: undefined/unknown
	Maximum pool size: undefined/unknown
2026-03-23T16:56:53.022+08:00  INFO 86664 --- [DocumentManagement] [           main] o.h.e.t.j.p.i.JtaPlatformInitiator       : HHH000489: No JTA platform available (set 'hibernate.transaction.jta.platform' to enable JTA platform integration)
2026-03-23T16:56:53.030+08:00  INFO 86664 --- [DocumentManagement] [           main] j.LocalContainerEntityManagerFactoryBean : Initialized JPA EntityManagerFactory for persistence unit 'default'
2026-03-23T16:56:54.750+08:00  WARN 86664 --- [DocumentManagement] [           main] JpaBaseConfiguration$JpaWebConfiguration : spring.jpa.open-in-view is enabled by default. Therefore, database queries may be performed during view rendering. Explicitly configure spring.jpa.open-in-view to disable this warning
2026-03-23T16:56:54.822+08:00  INFO 86664 --- [DocumentManagement] [           main] r$InitializeUserDetailsManagerConfigurer : Global AuthenticationManager configured with UserDetailsService bean with name userDetailsService
2026-03-23T16:56:54.983+08:00  INFO 86664 --- [DocumentManagement] [           main] o.s.b.a.w.s.WelcomePageHandlerMapping    : Adding welcome page: class path resource [static/index.html]
2026-03-23T16:56:55.417+08:00 DEBUG 86664 --- [DocumentManagement] [           main] o.s.s.web.DefaultSecurityFilterChain     : Will secure any request with filters: DisableEncodeUrlFilter, WebAsyncManagerIntegrationFilter, SecurityContextHolderFilter, HeaderWriterFilter, LogoutFilter, BasicAuthenticationFilter, RequestCacheAwareFilter, SecurityContextHolderAwareRequestFilter, AnonymousAuthenticationFilter, ExceptionTranslationFilter, AuthorizationFilter
2026-03-23T16:56:56.776+08:00  INFO 86664 --- [DocumentManagement] [           main] o.s.b.w.embedded.tomcat.TomcatWebServer  : Tomcat started on port 8080 (http) with context path '/'
2026-03-23T16:56:56.811+08:00  INFO 86664 --- [DocumentManagement] [           main] com.dms.DocumentManagementApplication    : Started DocumentManagementApplication in 10.518 seconds (process running for 11.265)
2026-03-23T16:56:58.133+08:00  INFO 86664 --- [DocumentManagement] [           main] c.dms.config.OpenSearchIndexInitializer  : Created OpenSearch index: dms-audit-logs
2026-03-23T16:56:59.087+08:00  INFO 86664 --- [DocumentManagement] [           main] c.dms.config.OpenSearchIndexInitializer  : Created OpenSearch index: dms-documents
2026-03-23T16:56:59.743+08:00  INFO 86664 --- [DocumentManagement] [           main] c.dms.config.OpenSearchIndexInitializer  : Created OpenSearch index: dms-document-folders
2026-03-23T16:57:00.450+08:00  INFO 86664 --- [DocumentManagement] [           main] c.dms.config.OpenSearchIndexInitializer  : Created OpenSearch index: dms-user-tasks
2026-03-23T16:57:01.306+08:00  INFO 86664 --- [DocumentManagement] [           main] c.dms.config.OpenSearchIndexInitializer  : Created OpenSearch index: dms-knowledge
2026-03-23T16:57:01.954+08:00  INFO 86664 --- [DocumentManagement] [           main] c.dms.config.OpenSearchIndexInitializer  : Created OpenSearch index: dms-ocr-document
2026-03-23T16:57:02.513+08:00  INFO 86664 --- [DocumentManagement] [           main] c.dms.config.OpenSearchIndexInitializer  : Created OpenSearch index: document-versions
2026-03-23T16:57:56.748+08:00  INFO 86664 --- [DocumentManagement] [nio-8080-exec-1] o.a.c.c.C.[Tomcat].[localhost].[/]       : Initializing Spring DispatcherServlet 'dispatcherServlet'
2026-03-23T16:57:56.749+08:00  INFO 86664 --- [DocumentManagement] [nio-8080-exec-1] o.s.web.servlet.DispatcherServlet        : Initializing Servlet 'dispatcherServlet'
2026-03-23T16:57:56.751+08:00  INFO 86664 --- [DocumentManagement] [nio-8080-exec-1] o.s.web.servlet.DispatcherServlet        : Completed initialization in 1 ms
2026-03-23T16:57:56.768+08:00 DEBUG 86664 --- [DocumentManagement] [nio-8080-exec-1] o.s.security.web.FilterChainProxy        : Securing GET /api/me
2026-03-23T16:57:56.811+08:00 DEBUG 86664 --- [DocumentManagement] [nio-8080-exec-1] o.s.s.a.dao.DaoAuthenticationProvider    : Authenticated user
2026-03-23T16:57:56.812+08:00 DEBUG 86664 --- [DocumentManagement] [nio-8080-exec-1] o.s.s.w.a.www.BasicAuthenticationFilter  : Set SecurityContextHolder to UsernamePasswordAuthenticationToken [Principal=org.springframework.security.core.userdetails.User [Username=gloria, Password=[PROTECTED], Enabled=true, AccountNonExpired=true, CredentialsNonExpired=true, AccountNonLocked=true, Granted Authorities=[ROLE_SYS_ADMIN]], Credentials=[PROTECTED], Authenticated=true, Details=WebAuthenticationDetails [RemoteIpAddress=0:0:0:0:0:0:0:1, SessionId=null], Granted Authorities=[ROLE_SYS_ADMIN]]
2026-03-23T16:57:56.816+08:00 DEBUG 86664 --- [DocumentManagement] [nio-8080-exec-1] o.s.security.web.FilterChainProxy        : Secured GET /api/me
2026-03-23T16:58:26.793+08:00 DEBUG 86664 --- [DocumentManagement] [nio-8080-exec-2] o.s.security.web.FilterChainProxy        : Securing GET /api/folders
2026-03-23T16:58:26.809+08:00 DEBUG 86664 --- [DocumentManagement] [nio-8080-exec-2] o.s.s.a.dao.DaoAuthenticationProvider    : Authenticated user
2026-03-23T16:58:26.809+08:00 DEBUG 86664 --- [DocumentManagement] [nio-8080-exec-2] o.s.s.w.a.www.BasicAuthenticationFilter  : Set SecurityContextHolder to UsernamePasswordAuthenticationToken [Principal=org.springframework.security.core.userdetails.User [Username=gloria, Password=[PROTECTED], Enabled=true, AccountNonExpired=true, CredentialsNonExpired=true, AccountNonLocked=true, Granted Authorities=[ROLE_SYS_ADMIN]], Credentials=[PROTECTED], Authenticated=true, Details=WebAuthenticationDetails [RemoteIpAddress=0:0:0:0:0:0:0:1, SessionId=null], Granted Authorities=[ROLE_SYS_ADMIN]]
2026-03-23T16:58:26.811+08:00 DEBUG 86664 --- [DocumentManagement] [nio-8080-exec-2] o.s.security.web.FilterChainProxy        : Secured GET /api/folders
2026-03-23T16:58:26.814+08:00 ERROR 86664 --- [DocumentManagement] [nio-8080-exec-2] c.dms.exception.GlobalExceptionHandler   : Unhandled exception

org.springframework.web.HttpRequestMethodNotSupportedException: Request method 'GET' is not supported
	at org.springframework.web.servlet.mvc.method.RequestMappingInfoHandlerMapping.handleNoMatch(RequestMappingInfoHandlerMapping.java:267) ~[spring-webmvc-6.2.6.jar!/:6.2.6]
	at org.springframework.web.servlet.handler.AbstractHandlerMethodMapping.lookupHandlerMethod(AbstractHandlerMethodMapping.java:441) ~[spring-webmvc-6.2.6.jar!/:6.2.6]
	at org.springframework.web.servlet.handler.AbstractHandlerMethodMapping.getHandlerInternal(AbstractHandlerMethodMapping.java:382) ~[spring-webmvc-6.2.6.jar!/:6.2.6]
	at org.springframework.web.servlet.mvc.method.RequestMappingInfoHandlerMapping.getHandlerInternal(RequestMappingInfoHandlerMapping.java:127) ~[spring-webmvc-6.2.6.jar!/:6.2.6]
	at org.springframework.web.servlet.mvc.method.RequestMappingInfoHandlerMapping.getHandlerInternal(RequestMappingInfoHandlerMapping.java:68) ~[spring-webmvc-6.2.6.jar!/:6.2.6]
	at org.springframework.web.servlet.handler.AbstractHandlerMapping.getHandler(AbstractHandlerMapping.java:509) ~[spring-webmvc-6.2.6.jar!/:6.2.6]
	at org.springframework.web.servlet.DispatcherServlet.getHandler(DispatcherServlet.java:1284) ~[spring-webmvc-6.2.6.jar!/:6.2.6]
	at org.springframework.web.servlet.DispatcherServlet.doDispatch(DispatcherServlet.java:1065) ~[spring-webmvc-6.2.6.jar!/:6.2.6]
	at org.springframework.web.servlet.DispatcherServlet.doService(DispatcherServlet.java:979) ~[spring-webmvc-6.2.6.jar!/:6.2.6]
	at org.springframework.web.servlet.FrameworkServlet.processRequest(FrameworkServlet.java:1014) ~[spring-webmvc-6.2.6.jar!/:6.2.6]
	at org.springframework.web.servlet.FrameworkServlet.doGet(FrameworkServlet.java:903) ~[spring-webmvc-6.2.6.jar!/:6.2.6]
	at jakarta.servlet.http.HttpServlet.service(HttpServlet.java:564) ~[tomcat-embed-core-10.1.40.jar!/:na]
	at org.springframework.web.servlet.FrameworkServlet.service(FrameworkServlet.java:885) ~[spring-webmvc-6.2.6.jar!/:6.2.6]
	at jakarta.servlet.http.HttpServlet.service(HttpServlet.java:658) ~[tomcat-embed-core-10.1.40.jar!/:na]
	at org.apache.catalina.core.ApplicationFilterChain.internalDoFilter(ApplicationFilterChain.java:195) ~[tomcat-embed-core-10.1.40.jar!/:na]
	at org.apache.catalina.core.ApplicationFilterChain.doFilter(ApplicationFilterChain.java:140) ~[tomcat-embed-core-10.1.40.jar!/:na]
	at org.apache.tomcat.websocket.server.WsFilter.doFilter(WsFilter.java:51) ~[tomcat-embed-websocket-10.1.40.jar!/:na]
	at org.apache.catalina.core.ApplicationFilterChain.internalDoFilter(ApplicationFilterChain.java:164) ~[tomcat-embed-core-10.1.40.jar!/:na]
	at org.apache.catalina.core.ApplicationFilterChain.doFilter(ApplicationFilterChain.java:140) ~[tomcat-embed-core-10.1.40.jar!/:na]
	at org.springframework.web.filter.CompositeFilter$VirtualFilterChain.doFilter(CompositeFilter.java:108) ~[spring-web-6.2.6.jar!/:6.2.6]
	at org.springframework.security.web.FilterChainProxy.lambda$doFilterInternal$3(FilterChainProxy.java:231) ~[spring-security-web-6.4.5.jar!/:6.4.5]
	at org.springframework.security.web.FilterChainProxy$VirtualFilterChain.doFilter(FilterChainProxy.java:365) ~[spring-security-web-6.4.5.jar!/:6.4.5]
	at org.springframework.security.web.access.intercept.AuthorizationFilter.doFilter(AuthorizationFilter.java:101) ~[spring-security-web-6.4.5.jar!/:6.4.5]
	at org.springframework.security.web.FilterChainProxy$VirtualFilterChain.doFilter(FilterChainProxy.java:374) ~[spring-security-web-6.4.5.jar!/:6.4.5]
	at org.springframework.security.web.access.ExceptionTranslationFilter.doFilter(ExceptionTranslationFilter.java:126) ~[spring-security-web-6.4.5.jar!/:6.4.5]
	at org.springframework.security.web.access.ExceptionTranslationFilter.doFilter(ExceptionTranslationFilter.java:120) ~[spring-security-web-6.4.5.jar!/:6.4.5]
	at org.springframework.security.web.FilterChainProxy$VirtualFilterChain.doFilter(FilterChainProxy.java:374) ~[spring-security-web-6.4.5.jar!/:6.4.5]
	at org.springframework.security.web.authentication.AnonymousAuthenticationFilter.doFilter(AnonymousAuthenticationFilter.java:100) ~[spring-security-web-6.4.5.jar!/:6.4.5]
	at org.springframework.security.web.FilterChainProxy$VirtualFilterChain.doFilter(FilterChainProxy.java:374) ~[spring-security-web-6.4.5.jar!/:6.4.5]
	at org.springframework.security.web.servletapi.SecurityContextHolderAwareRequestFilter.doFilter(SecurityContextHolderAwareRequestFilter.java:179) ~[spring-security-web-6.4.5.jar!/:6.4.5]
	at org.springframework.security.web.FilterChainProxy$VirtualFilterChain.doFilter(FilterChainProxy.java:374) ~[spring-security-web-6.4.5.jar!/:6.4.5]
	at org.springframework.security.web.savedrequest.RequestCacheAwareFilter.doFilter(RequestCacheAwareFilter.java:63) ~[spring-security-web-6.4.5.jar!/:6.4.5]
	at org.springframework.security.web.FilterChainProxy$VirtualFilterChain.doFilter(FilterChainProxy.java:374) ~[spring-security-web-6.4.5.jar!/:6.4.5]
	at org.springframework.security.web.authentication.www.BasicAuthenticationFilter.doFilterInternal(BasicAuthenticationFilter.java:213) ~[spring-security-web-6.4.5.jar!/:6.4.5]
	at org.springframework.web.filter.OncePerRequestFilter.doFilter(OncePerRequestFilter.java:116) ~[spring-web-6.2.6.jar!/:6.2.6]
	at org.springframework.security.web.FilterChainProxy$VirtualFilterChain.doFilter(FilterChainProxy.java:374) ~[spring-security-web-6.4.5.jar!/:6.4.5]
	at org.springframework.security.web.authentication.logout.LogoutFilter.doFilter(LogoutFilter.java:107) ~[spring-security-web-6.4.5.jar!/:6.4.5]
	at org.springframework.security.web.authentication.logout.LogoutFilter.doFilter(LogoutFilter.java:93) ~[spring-security-web-6.4.5.jar!/:6.4.5]
	at org.springframework.security.web.FilterChainProxy$VirtualFilterChain.doFilter(FilterChainProxy.java:374) ~[spring-security-web-6.4.5.jar!/:6.4.5]
	at org.springframework.security.web.header.HeaderWriterFilter.doHeadersAfter(HeaderWriterFilter.java:90) ~[spring-security-web-6.4.5.jar!/:6.4.5]
	at org.springframework.security.web.header.HeaderWriterFilter.doFilterInternal(HeaderWriterFilter.java:75) ~[spring-security-web-6.4.5.jar!/:6.4.5]
	at org.springframework.web.filter.OncePerRequestFilter.doFilter(OncePerRequestFilter.java:116) ~[spring-web-6.2.6.jar!/:6.2.6]
	at org.springframework.security.web.FilterChainProxy$VirtualFilterChain.doFilter(FilterChainProxy.java:374) ~[spring-security-web-6.4.5.jar!/:6.4.5]
	at org.springframework.security.web.context.SecurityContextHolderFilter.doFilter(SecurityContextHolderFilter.java:82) ~[spring-security-web-6.4.5.jar!/:6.4.5]
	at org.springframework.security.web.context.SecurityContextHolderFilter.doFilter(SecurityContextHolderFilter.java:69) ~[spring-security-web-6.4.5.jar!/:6.4.5]
	at org.springframework.security.web.FilterChainProxy$VirtualFilterChain.doFilter(FilterChainProxy.java:374) ~[spring-security-web-6.4.5.jar!/:6.4.5]
	at org.springframework.security.web.context.request.async.WebAsyncManagerIntegrationFilter.doFilterInternal(WebAsyncManagerIntegrationFilter.java:62) ~[spring-security-web-6.4.5.jar!/:6.4.5]
	at org.springframework.web.filter.OncePerRequestFilter.doFilter(OncePerRequestFilter.java:116) ~[spring-web-6.2.6.jar!/:6.2.6]
	at org.springframework.security.web.FilterChainProxy$VirtualFilterChain.doFilter(FilterChainProxy.java:374) ~[spring-security-web-6.4.5.jar!/:6.4.5]
	at org.springframework.security.web.session.DisableEncodeUrlFilter.doFilterInternal(DisableEncodeUrlFilter.java:42) ~[spring-security-web-6.4.5.jar!/:6.4.5]
	at org.springframework.web.filter.OncePerRequestFilter.doFilter(OncePerRequestFilter.java:116) ~[spring-web-6.2.6.jar!/:6.2.6]
	at org.springframework.security.web.FilterChainProxy$VirtualFilterChain.doFilter(FilterChainProxy.java:374) ~[spring-security-web-6.4.5.jar!/:6.4.5]
	at org.springframework.security.web.FilterChainProxy.doFilterInternal(FilterChainProxy.java:233) ~[spring-security-web-6.4.5.jar!/:6.4.5]
	at org.springframework.security.web.FilterChainProxy.doFilter(FilterChainProxy.java:191) ~[spring-security-web-6.4.5.jar!/:6.4.5]
	at org.springframework.web.filter.CompositeFilter$VirtualFilterChain.doFilter(CompositeFilter.java:113) ~[spring-web-6.2.6.jar!/:6.2.6]
	at org.springframework.web.servlet.handler.HandlerMappingIntrospector.lambda$createCacheFilter$3(HandlerMappingIntrospector.java:243) ~[spring-webmvc-6.2.6.jar!/:6.2.6]
	at org.springframework.web.filter.CompositeFilter$VirtualFilterChain.doFilter(CompositeFilter.java:113) ~[spring-web-6.2.6.jar!/:6.2.6]
	at org.springframework.web.filter.CompositeFilter.doFilter(CompositeFilter.java:74) ~[spring-web-6.2.6.jar!/:6.2.6]
	at org.springframework.security.config.annotation.web.configuration.WebMvcSecurityConfiguration$CompositeFilterChainProxy.doFilter(WebMvcSecurityConfiguration.java:238) ~[spring-security-config-6.4.5.jar!/:6.4.5]
	at org.springframework.web.filter.DelegatingFilterProxy.invokeDelegate(DelegatingFilterProxy.java:362) ~[spring-web-6.2.6.jar!/:6.2.6]
	at org.springframework.web.filter.DelegatingFilterProxy.doFilter(DelegatingFilterProxy.java:278) ~[spring-web-6.2.6.jar!/:6.2.6]
	at org.apache.catalina.core.ApplicationFilterChain.internalDoFilter(ApplicationFilterChain.java:164) ~[tomcat-embed-core-10.1.40.jar!/:na]
	at org.apache.catalina.core.ApplicationFilterChain.doFilter(ApplicationFilterChain.java:140) ~[tomcat-embed-core-10.1.40.jar!/:na]
	at org.springframework.web.filter.RequestContextFilter.doFilterInternal(RequestContextFilter.java:100) ~[spring-web-6.2.6.jar!/:6.2.6]
	at org.springframework.web.filter.OncePerRequestFilter.doFilter(OncePerRequestFilter.java:116) ~[spring-web-6.2.6.jar!/:6.2.6]
	at org.apache.catalina.core.ApplicationFilterChain.internalDoFilter(ApplicationFilterChain.java:164) ~[tomcat-embed-core-10.1.40.jar!/:na]
	at org.apache.catalina.core.ApplicationFilterChain.doFilter(ApplicationFilterChain.java:140) ~[tomcat-embed-core-10.1.40.jar!/:na]
	at org.springframework.web.filter.FormContentFilter.doFilterInternal(FormContentFilter.java:93) ~[spring-web-6.2.6.jar!/:6.2.6]
	at org.springframework.web.filter.OncePerRequestFilter.doFilter(OncePerRequestFilter.java:116) ~[spring-web-6.2.6.jar!/:6.2.6]
	at org.apache.catalina.core.ApplicationFilterChain.internalDoFilter(ApplicationFilterChain.java:164) ~[tomcat-embed-core-10.1.40.jar!/:na]
	at org.apache.catalina.core.ApplicationFilterChain.doFilter(ApplicationFilterChain.java:140) ~[tomcat-embed-core-10.1.40.jar!/:na]
	at org.springframework.web.filter.CharacterEncodingFilter.doFilterInternal(CharacterEncodingFilter.java:201) ~[spring-web-6.2.6.jar!/:6.2.6]
	at org.springframework.web.filter.OncePerRequestFilter.doFilter(OncePerRequestFilter.java:116) ~[spring-web-6.2.6.jar!/:6.2.6]
	at org.apache.catalina.core.ApplicationFilterChain.internalDoFilter(ApplicationFilterChain.java:164) ~[tomcat-embed-core-10.1.40.jar!/:na]
	at org.apache.catalina.core.ApplicationFilterChain.doFilter(ApplicationFilterChain.java:140) ~[tomcat-embed-core-10.1.40.jar!/:na]
	at org.apache.catalina.core.StandardWrapperValve.invoke(StandardWrapperValve.java:167) ~[tomcat-embed-core-10.1.40.jar!/:na]
	at org.apache.catalina.core.StandardContextValve.invoke(StandardContextValve.java:90) ~[tomcat-embed-core-10.1.40.jar!/:na]
	at org.apache.catalina.authenticator.AuthenticatorBase.invoke(AuthenticatorBase.java:483) ~[tomcat-embed-core-10.1.40.jar!/:na]
	at org.apache.catalina.core.StandardHostValve.invoke(StandardHostValve.java:116) ~[tomcat-embed-core-10.1.40.jar!/:na]
	at org.apache.catalina.valves.ErrorReportValve.invoke(ErrorReportValve.java:93) ~[tomcat-embed-core-10.1.40.jar!/:na]
	at org.apache.catalina.core.StandardEngineValve.invoke(StandardEngineValve.java:74) ~[tomcat-embed-core-10.1.40.jar!/:na]
	at org.apache.catalina.connector.CoyoteAdapter.service(CoyoteAdapter.java:344) ~[tomcat-embed-core-10.1.40.jar!/:na]
	at org.apache.coyote.http11.Http11Processor.service(Http11Processor.java:398) ~[tomcat-embed-core-10.1.40.jar!/:na]
	at org.apache.coyote.AbstractProcessorLight.process(AbstractProcessorLight.java:63) ~[tomcat-embed-core-10.1.40.jar!/:na]
	at org.apache.coyote.AbstractProtocol$ConnectionHandler.process(AbstractProtocol.java:903) ~[tomcat-embed-core-10.1.40.jar!/:na]
	at org.apache.tomcat.util.net.NioEndpoint$SocketProcessor.doRun(NioEndpoint.java:1740) ~[tomcat-embed-core-10.1.40.jar!/:na]
	at org.apache.tomcat.util.net.SocketProcessorBase.run(SocketProcessorBase.java:52) ~[tomcat-embed-core-10.1.40.jar!/:na]
	at org.apache.tomcat.util.threads.ThreadPoolExecutor.runWorker(ThreadPoolExecutor.java:1189) ~[tomcat-embed-core-10.1.40.jar!/:na]
	at org.apache.tomcat.util.threads.ThreadPoolExecutor$Worker.run(ThreadPoolExecutor.java:658) ~[tomcat-embed-core-10.1.40.jar!/:na]
	at org.apache.tomcat.util.threads.TaskThread$WrappingRunnable.run(TaskThread.java:63) ~[tomcat-embed-core-10.1.40.jar!/:na]
	at java.base/java.lang.Thread.run(Thread.java:1583) ~[na:na]

2026-03-23T16:58:47.290+08:00 DEBUG 86664 --- [DocumentManagement] [nio-8080-exec-3] o.s.security.web.FilterChainProxy        : Securing GET /api/folders/tree
2026-03-23T16:58:47.305+08:00 DEBUG 86664 --- [DocumentManagement] [nio-8080-exec-3] o.s.s.a.dao.DaoAuthenticationProvider    : Authenticated user
2026-03-23T16:58:47.305+08:00 DEBUG 86664 --- [DocumentManagement] [nio-8080-exec-3] o.s.s.w.a.www.BasicAuthenticationFilter  : Set SecurityContextHolder to UsernamePasswordAuthenticationToken [Principal=org.springframework.security.core.userdetails.User [Username=gloria, Password=[PROTECTED], Enabled=true, AccountNonExpired=true, CredentialsNonExpired=true, AccountNonLocked=true, Granted Authorities=[ROLE_SYS_ADMIN]], Credentials=[PROTECTED], Authenticated=true, Details=WebAuthenticationDetails [RemoteIpAddress=0:0:0:0:0:0:0:1, SessionId=null], Granted Authorities=[ROLE_SYS_ADMIN]]
2026-03-23T16:58:47.306+08:00 DEBUG 86664 --- [DocumentManagement] [nio-8080-exec-3] o.s.security.web.FilterChainProxy        : Secured GET /api/folders/tree
2026-03-23T16:58:53.058+08:00 DEBUG 86664 --- [DocumentManagement] [nio-8080-exec-4] o.s.security.web.FilterChainProxy        : Securing GET /api/folders/tree
2026-03-23T16:58:53.076+08:00 DEBUG 86664 --- [DocumentManagement] [nio-8080-exec-4] o.s.s.a.dao.DaoAuthenticationProvider    : Authenticated user
2026-03-23T16:58:53.077+08:00 DEBUG 86664 --- [DocumentManagement] [nio-8080-exec-4] o.s.s.w.a.www.BasicAuthenticationFilter  : Set SecurityContextHolder to UsernamePasswordAuthenticationToken [Principal=org.springframework.security.core.userdetails.User [Username=gloria, Password=[PROTECTED], Enabled=true, AccountNonExpired=true, CredentialsNonExpired=true, AccountNonLocked=true, Granted Authorities=[ROLE_SYS_ADMIN]], Credentials=[PROTECTED], Authenticated=true, Details=WebAuthenticationDetails [RemoteIpAddress=0:0:0:0:0:0:0:1, SessionId=null], Granted Authorities=[ROLE_SYS_ADMIN]]
2026-03-23T16:58:53.078+08:00 DEBUG 86664 --- [DocumentManagement] [nio-8080-exec-4] o.s.security.web.FilterChainProxy        : Secured GET /api/folders/tree
2026-03-23T16:59:17.101+08:00 DEBUG 86664 --- [DocumentManagement] [nio-8080-exec-5] o.s.security.web.FilterChainProxy        : Securing GET /api/folders/tree
2026-03-23T16:59:17.113+08:00 DEBUG 86664 --- [DocumentManagement] [nio-8080-exec-5] o.s.s.a.dao.DaoAuthenticationProvider    : Authenticated user
2026-03-23T16:59:17.114+08:00 DEBUG 86664 --- [DocumentManagement] [nio-8080-exec-5] o.s.s.w.a.www.BasicAuthenticationFilter  : Set SecurityContextHolder to UsernamePasswordAuthenticationToken [Principal=org.springframework.security.core.userdetails.User [Username=gloria, Password=[PROTECTED], Enabled=true, AccountNonExpired=true, CredentialsNonExpired=true, AccountNonLocked=true, Granted Authorities=[ROLE_SYS_ADMIN]], Credentials=[PROTECTED], Authenticated=true, Details=WebAuthenticationDetails [RemoteIpAddress=0:0:0:0:0:0:0:1, SessionId=null], Granted Authorities=[ROLE_SYS_ADMIN]]
2026-03-23T16:59:17.115+08:00 DEBUG 86664 --- [DocumentManagement] [nio-8080-exec-5] o.s.security.web.FilterChainProxy        : Secured GET /api/folders/tree
2026-03-23T16:59:36.971+08:00 DEBUG 86664 --- [DocumentManagement] [nio-8080-exec-6] o.s.security.web.FilterChainProxy        : Securing GET /api/documents
2026-03-23T16:59:37.003+08:00 DEBUG 86664 --- [DocumentManagement] [nio-8080-exec-6] o.s.s.a.dao.DaoAuthenticationProvider    : Authenticated user
2026-03-23T16:59:37.004+08:00 DEBUG 86664 --- [DocumentManagement] [nio-8080-exec-6] o.s.s.w.a.www.BasicAuthenticationFilter  : Set SecurityContextHolder to UsernamePasswordAuthenticationToken [Principal=org.springframework.security.core.userdetails.User [Username=gloria, Password=[PROTECTED], Enabled=true, AccountNonExpired=true, CredentialsNonExpired=true, AccountNonLocked=true, Granted Authorities=[ROLE_SYS_ADMIN]], Credentials=[PROTECTED], Authenticated=true, Details=WebAuthenticationDetails [RemoteIpAddress=0:0:0:0:0:0:0:1, SessionId=null], Granted Authorities=[ROLE_SYS_ADMIN]]
2026-03-23T16:59:37.005+08:00 DEBUG 86664 --- [DocumentManagement] [nio-8080-exec-6] o.s.security.web.FilterChainProxy        : Secured GET /api/documents
2026-03-23T17:00:59.827+08:00 DEBUG 86664 --- [DocumentManagement] [nio-8080-exec-8] o.s.security.web.FilterChainProxy        : Securing GET /api/dashboard/my-tasks
2026-03-23T17:00:59.827+08:00 DEBUG 86664 --- [DocumentManagement] [nio-8080-exec-9] o.s.security.web.FilterChainProxy        : Securing GET /api/me
2026-03-23T17:00:59.849+08:00 DEBUG 86664 --- [DocumentManagement] [nio-8080-exec-9] o.s.s.a.dao.DaoAuthenticationProvider    : Authenticated user
2026-03-23T17:00:59.850+08:00 DEBUG 86664 --- [DocumentManagement] [nio-8080-exec-9] o.s.s.w.a.www.BasicAuthenticationFilter  : Set SecurityContextHolder to UsernamePasswordAuthenticationToken [Principal=org.springframework.security.core.userdetails.User [Username=gloria, Password=[PROTECTED], Enabled=true, AccountNonExpired=true, CredentialsNonExpired=true, AccountNonLocked=true, Granted Authorities=[ROLE_SYS_ADMIN]], Credentials=[PROTECTED], Authenticated=true, Details=WebAuthenticationDetails [RemoteIpAddress=0:0:0:0:0:0:0:1, SessionId=null], Granted Authorities=[ROLE_SYS_ADMIN]]
2026-03-23T17:00:59.851+08:00 DEBUG 86664 --- [DocumentManagement] [nio-8080-exec-9] o.s.security.web.FilterChainProxy        : Secured GET /api/me
2026-03-23T17:00:59.867+08:00 DEBUG 86664 --- [DocumentManagement] [nio-8080-exec-8] o.s.s.a.dao.DaoAuthenticationProvider    : Authenticated user
2026-03-23T17:00:59.868+08:00 DEBUG 86664 --- [DocumentManagement] [nio-8080-exec-8] o.s.s.w.a.www.BasicAuthenticationFilter  : Set SecurityContextHolder to UsernamePasswordAuthenticationToken [Principal=org.springframework.security.core.userdetails.User [Username=gloria, Password=[PROTECTED], Enabled=true, AccountNonExpired=true, CredentialsNonExpired=true, AccountNonLocked=true, Granted Authorities=[ROLE_SYS_ADMIN]], Credentials=[PROTECTED], Authenticated=true, Details=WebAuthenticationDetails [RemoteIpAddress=0:0:0:0:0:0:0:1, SessionId=null], Granted Authorities=[ROLE_SYS_ADMIN]]
2026-03-23T17:00:59.869+08:00 DEBUG 86664 --- [DocumentManagement] [nio-8080-exec-8] o.s.security.web.FilterChainProxy        : Secured GET /api/dashboard/my-tasks
2026-03-23T17:00:59.874+08:00 DEBUG 86664 --- [DocumentManagement] [io-8080-exec-10] o.s.security.web.FilterChainProxy        : Securing GET /api/me
2026-03-23T17:00:59.889+08:00 DEBUG 86664 --- [DocumentManagement] [io-8080-exec-10] o.s.s.a.dao.DaoAuthenticationProvider    : Authenticated user
2026-03-23T17:00:59.890+08:00 DEBUG 86664 --- [DocumentManagement] [io-8080-exec-10] o.s.s.w.a.www.BasicAuthenticationFilter  : Set SecurityContextHolder to UsernamePasswordAuthenticationToken [Principal=org.springframework.security.core.userdetails.User [Username=gloria, Password=[PROTECTED], Enabled=true, AccountNonExpired=true, CredentialsNonExpired=true, AccountNonLocked=true, Granted Authorities=[ROLE_SYS_ADMIN]], Credentials=[PROTECTED], Authenticated=true, Details=WebAuthenticationDetails [RemoteIpAddress=0:0:0:0:0:0:0:1, SessionId=null], Granted Authorities=[ROLE_SYS_ADMIN]]
2026-03-23T17:00:59.891+08:00 DEBUG 86664 --- [DocumentManagement] [io-8080-exec-10] o.s.security.web.FilterChainProxy        : Secured GET /api/me
2026-03-23T17:00:59.956+08:00 ERROR 86664 --- [DocumentManagement] [nio-8080-exec-8] c.dms.exception.GlobalExceptionHandler   : Unhandled exception

org.opensearch.client.opensearch._types.OpenSearchException: Request failed: [search_phase_execution_exception] all shards failed
	at org.opensearch.client.transport.httpclient5.ApacheHttpClient5Transport.extractAndWrapCause(ApacheHttpClient5Transport.java:1153) ~[opensearch-java-2.19.0.jar!/:na]
	at org.opensearch.client.transport.httpclient5.ApacheHttpClient5Transport.performRequest(ApacheHttpClient5Transport.java:158) ~[opensearch-java-2.19.0.jar!/:na]
	at org.opensearch.client.opensearch.OpenSearchClient.search(OpenSearchClient.java:1386) ~[opensearch-java-2.19.0.jar!/:na]
	at com.dms.repository.BaseOpenSearchRepository.search(BaseOpenSearchRepository.java:154) ~[!/:0.0.1-SNAPSHOT]
	at com.dms.task.repository.UserTaskRepository.searchSafely(UserTaskRepository.java:91) ~[!/:0.0.1-SNAPSHOT]
	at com.dms.task.repository.UserTaskRepository.findByAssigneeUsernameIgnoreCaseOrderByDueDateAsc(UserTaskRepository.java:59) ~[!/:0.0.1-SNAPSHOT]
	at java.base/jdk.internal.reflect.DirectMethodHandleAccessor.invoke(DirectMethodHandleAccessor.java:103) ~[na:na]
	at java.base/java.lang.reflect.Method.invoke(Method.java:580) ~[na:na]
	at org.springframework.aop.support.AopUtils.invokeJoinpointUsingReflection(AopUtils.java:359) ~[spring-aop-6.2.6.jar!/:6.2.6]
	at org.springframework.aop.framework.ReflectiveMethodInvocation.invokeJoinpoint(ReflectiveMethodInvocation.java:196) ~[spring-aop-6.2.6.jar!/:6.2.6]
	at org.springframework.aop.framework.ReflectiveMethodInvocation.proceed(ReflectiveMethodInvocation.java:163) ~[spring-aop-6.2.6.jar!/:6.2.6]
	at org.springframework.dao.support.PersistenceExceptionTranslationInterceptor.invoke(PersistenceExceptionTranslationInterceptor.java:138) ~[spring-tx-6.2.6.jar!/:6.2.6]
	at org.springframework.aop.framework.ReflectiveMethodInvocation.proceed(ReflectiveMethodInvocation.java:184) ~[spring-aop-6.2.6.jar!/:6.2.6]
	at org.springframework.aop.framework.CglibAopProxy$DynamicAdvisedInterceptor.intercept(CglibAopProxy.java:728) ~[spring-aop-6.2.6.jar!/:6.2.6]
	at com.dms.task.repository.UserTaskRepository$$SpringCGLIB$$0.findByAssigneeUsernameIgnoreCaseOrderByDueDateAsc(<generated>) ~[!/:0.0.1-SNAPSHOT]
	at com.dms.task.service.UserDashboardService.buildDashboardFor(UserDashboardService.java:31) ~[!/:0.0.1-SNAPSHOT]
	at java.base/jdk.internal.reflect.DirectMethodHandleAccessor.invoke(DirectMethodHandleAccessor.java:103) ~[na:na]
	at java.base/java.lang.reflect.Method.invoke(Method.java:580) ~[na:na]
	at org.springframework.aop.support.AopUtils.invokeJoinpointUsingReflection(AopUtils.java:359) ~[spring-aop-6.2.6.jar!/:6.2.6]
	at org.springframework.aop.framework.ReflectiveMethodInvocation.invokeJoinpoint(ReflectiveMethodInvocation.java:196) ~[spring-aop-6.2.6.jar!/:6.2.6]
	at org.springframework.aop.framework.ReflectiveMethodInvocation.proceed(ReflectiveMethodInvocation.java:163) ~[spring-aop-6.2.6.jar!/:6.2.6]
	at org.springframework.transaction.interceptor.TransactionAspectSupport.invokeWithinTransaction(TransactionAspectSupport.java:380) ~[spring-tx-6.2.6.jar!/:6.2.6]
	at org.springframework.transaction.interceptor.TransactionInterceptor.invoke(TransactionInterceptor.java:119) ~[spring-tx-6.2.6.jar!/:6.2.6]
	at org.springframework.aop.framework.ReflectiveMethodInvocation.proceed(ReflectiveMethodInvocation.java:184) ~[spring-aop-6.2.6.jar!/:6.2.6]
	at org.springframework.aop.framework.CglibAopProxy$DynamicAdvisedInterceptor.intercept(CglibAopProxy.java:728) ~[spring-aop-6.2.6.jar!/:6.2.6]
	at com.dms.task.service.UserDashboardService$$SpringCGLIB$$0.buildDashboardFor(<generated>) ~[!/:0.0.1-SNAPSHOT]
	at com.dms.task.controller.UserDashboardController.currentUserTasks(UserDashboardController.java:29) ~[!/:0.0.1-SNAPSHOT]
	at java.base/jdk.internal.reflect.DirectMethodHandleAccessor.invoke(DirectMethodHandleAccessor.java:103) ~[na:na]
	at java.base/java.lang.reflect.Method.invoke(Method.java:580) ~[na:na]
	at org.springframework.web.method.support.InvocableHandlerMethod.doInvoke(InvocableHandlerMethod.java:258) ~[spring-web-6.2.6.jar!/:6.2.6]
	at org.springframework.web.method.support.InvocableHandlerMethod.invokeForRequest(InvocableHandlerMethod.java:191) ~[spring-web-6.2.6.jar!/:6.2.6]
	at org.springframework.web.servlet.mvc.method.annotation.ServletInvocableHandlerMethod.invokeAndHandle(ServletInvocableHandlerMethod.java:118) ~[spring-webmvc-6.2.6.jar!/:6.2.6]
	at org.springframework.web.servlet.mvc.method.annotation.RequestMappingHandlerAdapter.invokeHandlerMethod(RequestMappingHandlerAdapter.java:986) ~[spring-webmvc-6.2.6.jar!/:6.2.6]
	at org.springframework.web.servlet.mvc.method.annotation.RequestMappingHandlerAdapter.handleInternal(RequestMappingHandlerAdapter.java:891) ~[spring-webmvc-6.2.6.jar!/:6.2.6]
	at org.springframework.web.servlet.mvc.method.AbstractHandlerMethodAdapter.handle(AbstractHandlerMethodAdapter.java:87) ~[spring-webmvc-6.2.6.jar!/:6.2.6]
	at org.springframework.web.servlet.DispatcherServlet.doDispatch(DispatcherServlet.java:1089) ~[spring-webmvc-6.2.6.jar!/:6.2.6]
	at org.springframework.web.servlet.DispatcherServlet.doService(DispatcherServlet.java:979) ~[spring-webmvc-6.2.6.jar!/:6.2.6]
	at org.springframework.web.servlet.FrameworkServlet.processRequest(FrameworkServlet.java:1014) ~[spring-webmvc-6.2.6.jar!/:6.2.6]
	at org.springframework.web.servlet.FrameworkServlet.doGet(FrameworkServlet.java:903) ~[spring-webmvc-6.2.6.jar!/:6.2.6]
	at jakarta.servlet.http.HttpServlet.service(HttpServlet.java:564) ~[tomcat-embed-core-10.1.40.jar!/:na]
	at org.springframework.web.servlet.FrameworkServlet.service(FrameworkServlet.java:885) ~[spring-webmvc-6.2.6.jar!/:6.2.6]
	at jakarta.servlet.http.HttpServlet.service(HttpServlet.java:658) ~[tomcat-embed-core-10.1.40.jar!/:na]
	at org.apache.catalina.core.ApplicationFilterChain.internalDoFilter(ApplicationFilterChain.java:195) ~[tomcat-embed-core-10.1.40.jar!/:na]
	at org.apache.catalina.core.ApplicationFilterChain.doFilter(ApplicationFilterChain.java:140) ~[tomcat-embed-core-10.1.40.jar!/:na]
	at org.apache.tomcat.websocket.server.WsFilter.doFilter(WsFilter.java:51) ~[tomcat-embed-websocket-10.1.40.jar!/:na]
	at org.apache.catalina.core.ApplicationFilterChain.internalDoFilter(ApplicationFilterChain.java:164) ~[tomcat-embed-core-10.1.40.jar!/:na]
	at org.apache.catalina.core.ApplicationFilterChain.doFilter(ApplicationFilterChain.java:140) ~[tomcat-embed-core-10.1.40.jar!/:na]
	at org.springframework.web.filter.CompositeFilter$VirtualFilterChain.doFilter(CompositeFilter.java:108) ~[spring-web-6.2.6.jar!/:6.2.6]
	at org.springframework.security.web.FilterChainProxy.lambda$doFilterInternal$3(FilterChainProxy.java:231) ~[spring-security-web-6.4.5.jar!/:6.4.5]
	at org.springframework.security.web.FilterChainProxy$VirtualFilterChain.doFilter(FilterChainProxy.java:365) ~[spring-security-web-6.4.5.jar!/:6.4.5]
	at org.springframework.security.web.access.intercept.AuthorizationFilter.doFilter(AuthorizationFilter.java:101) ~[spring-security-web-6.4.5.jar!/:6.4.5]
	at org.springframework.security.web.FilterChainProxy$VirtualFilterChain.doFilter(FilterChainProxy.java:374) ~[spring-security-web-6.4.5.jar!/:6.4.5]
	at org.springframework.security.web.access.ExceptionTranslationFilter.doFilter(ExceptionTranslationFilter.java:126) ~[spring-security-web-6.4.5.jar!/:6.4.5]
	at org.springframework.security.web.access.ExceptionTranslationFilter.doFilter(ExceptionTranslationFilter.java:120) ~[spring-security-web-6.4.5.jar!/:6.4.5]
	at org.springframework.security.web.FilterChainProxy$VirtualFilterChain.doFilter(FilterChainProxy.java:374) ~[spring-security-web-6.4.5.jar!/:6.4.5]
	at org.springframework.security.web.authentication.AnonymousAuthenticationFilter.doFilter(AnonymousAuthenticationFilter.java:100) ~[spring-security-web-6.4.5.jar!/:6.4.5]
	at org.springframework.security.web.FilterChainProxy$VirtualFilterChain.doFilter(FilterChainProxy.java:374) ~[spring-security-web-6.4.5.jar!/:6.4.5]
	at org.springframework.security.web.servletapi.SecurityContextHolderAwareRequestFilter.doFilter(SecurityContextHolderAwareRequestFilter.java:179) ~[spring-security-web-6.4.5.jar!/:6.4.5]
	at org.springframework.security.web.FilterChainProxy$VirtualFilterChain.doFilter(FilterChainProxy.java:374) ~[spring-security-web-6.4.5.jar!/:6.4.5]
	at org.springframework.security.web.savedrequest.RequestCacheAwareFilter.doFilter(RequestCacheAwareFilter.java:63) ~[spring-security-web-6.4.5.jar!/:6.4.5]
	at org.springframework.security.web.FilterChainProxy$VirtualFilterChain.doFilter(FilterChainProxy.java:374) ~[spring-security-web-6.4.5.jar!/:6.4.5]
	at org.springframework.security.web.authentication.www.BasicAuthenticationFilter.doFilterInternal(BasicAuthenticationFilter.java:213) ~[spring-security-web-6.4.5.jar!/:6.4.5]
	at org.springframework.web.filter.OncePerRequestFilter.doFilter(OncePerRequestFilter.java:116) ~[spring-web-6.2.6.jar!/:6.2.6]
	at org.springframework.security.web.FilterChainProxy$VirtualFilterChain.doFilter(FilterChainProxy.java:374) ~[spring-security-web-6.4.5.jar!/:6.4.5]
	at org.springframework.security.web.authentication.logout.LogoutFilter.doFilter(LogoutFilter.java:107) ~[spring-security-web-6.4.5.jar!/:6.4.5]
	at org.springframework.security.web.authentication.logout.LogoutFilter.doFilter(LogoutFilter.java:93) ~[spring-security-web-6.4.5.jar!/:6.4.5]
	at org.springframework.security.web.FilterChainProxy$VirtualFilterChain.doFilter(FilterChainProxy.java:374) ~[spring-security-web-6.4.5.jar!/:6.4.5]
	at org.springframework.security.web.header.HeaderWriterFilter.doHeadersAfter(HeaderWriterFilter.java:90) ~[spring-security-web-6.4.5.jar!/:6.4.5]
	at org.springframework.security.web.header.HeaderWriterFilter.doFilterInternal(HeaderWriterFilter.java:75) ~[spring-security-web-6.4.5.jar!/:6.4.5]
	at org.springframework.web.filter.OncePerRequestFilter.doFilter(OncePerRequestFilter.java:116) ~[spring-web-6.2.6.jar!/:6.2.6]
	at org.springframework.security.web.FilterChainProxy$VirtualFilterChain.doFilter(FilterChainProxy.java:374) ~[spring-security-web-6.4.5.jar!/:6.4.5]
	at org.springframework.security.web.context.SecurityContextHolderFilter.doFilter(SecurityContextHolderFilter.java:82) ~[spring-security-web-6.4.5.jar!/:6.4.5]
	at org.springframework.security.web.context.SecurityContextHolderFilter.doFilter(SecurityContextHolderFilter.java:69) ~[spring-security-web-6.4.5.jar!/:6.4.5]
	at org.springframework.security.web.FilterChainProxy$VirtualFilterChain.doFilter(FilterChainProxy.java:374) ~[spring-security-web-6.4.5.jar!/:6.4.5]
	at org.springframework.security.web.context.request.async.WebAsyncManagerIntegrationFilter.doFilterInternal(WebAsyncManagerIntegrationFilter.java:62) ~[spring-security-web-6.4.5.jar!/:6.4.5]
	at org.springframework.web.filter.OncePerRequestFilter.doFilter(OncePerRequestFilter.java:116) ~[spring-web-6.2.6.jar!/:6.2.6]
	at org.springframework.security.web.FilterChainProxy$VirtualFilterChain.doFilter(FilterChainProxy.java:374) ~[spring-security-web-6.4.5.jar!/:6.4.5]
	at org.springframework.security.web.session.DisableEncodeUrlFilter.doFilterInternal(DisableEncodeUrlFilter.java:42) ~[spring-security-web-6.4.5.jar!/:6.4.5]
	at org.springframework.web.filter.OncePerRequestFilter.doFilter(OncePerRequestFilter.java:116) ~[spring-web-6.2.6.jar!/:6.2.6]
	at org.springframework.security.web.FilterChainProxy$VirtualFilterChain.doFilter(FilterChainProxy.java:374) ~[spring-security-web-6.4.5.jar!/:6.4.5]
	at org.springframework.security.web.FilterChainProxy.doFilterInternal(FilterChainProxy.java:233) ~[spring-security-web-6.4.5.jar!/:6.4.5]
	at org.springframework.security.web.FilterChainProxy.doFilter(FilterChainProxy.java:191) ~[spring-security-web-6.4.5.jar!/:6.4.5]
	at org.springframework.web.filter.CompositeFilter$VirtualFilterChain.doFilter(CompositeFilter.java:113) ~[spring-web-6.2.6.jar!/:6.2.6]
	at org.springframework.web.servlet.handler.HandlerMappingIntrospector.lambda$createCacheFilter$3(HandlerMappingIntrospector.java:243) ~[spring-webmvc-6.2.6.jar!/:6.2.6]
	at org.springframework.web.filter.CompositeFilter$VirtualFilterChain.doFilter(CompositeFilter.java:113) ~[spring-web-6.2.6.jar!/:6.2.6]
	at org.springframework.web.filter.CompositeFilter.doFilter(CompositeFilter.java:74) ~[spring-web-6.2.6.jar!/:6.2.6]
	at org.springframework.security.config.annotation.web.configuration.WebMvcSecurityConfiguration$CompositeFilterChainProxy.doFilter(WebMvcSecurityConfiguration.java:238) ~[spring-security-config-6.4.5.jar!/:6.4.5]
	at org.springframework.web.filter.DelegatingFilterProxy.invokeDelegate(DelegatingFilterProxy.java:362) ~[spring-web-6.2.6.jar!/:6.2.6]
	at org.springframework.web.filter.DelegatingFilterProxy.doFilter(DelegatingFilterProxy.java:278) ~[spring-web-6.2.6.jar!/:6.2.6]
	at org.apache.catalina.core.ApplicationFilterChain.internalDoFilter(ApplicationFilterChain.java:164) ~[tomcat-embed-core-10.1.40.jar!/:na]
	at org.apache.catalina.core.ApplicationFilterChain.doFilter(ApplicationFilterChain.java:140) ~[tomcat-embed-core-10.1.40.jar!/:na]
	at org.springframework.web.filter.RequestContextFilter.doFilterInternal(RequestContextFilter.java:100) ~[spring-web-6.2.6.jar!/:6.2.6]
	at org.springframework.web.filter.OncePerRequestFilter.doFilter(OncePerRequestFilter.java:116) ~[spring-web-6.2.6.jar!/:6.2.6]
	at org.apache.catalina.core.ApplicationFilterChain.internalDoFilter(ApplicationFilterChain.java:164) ~[tomcat-embed-core-10.1.40.jar!/:na]
	at org.apache.catalina.core.ApplicationFilterChain.doFilter(ApplicationFilterChain.java:140) ~[tomcat-embed-core-10.1.40.jar!/:na]
	at org.springframework.web.filter.FormContentFilter.doFilterInternal(FormContentFilter.java:93) ~[spring-web-6.2.6.jar!/:6.2.6]
	at org.springframework.web.filter.OncePerRequestFilter.doFilter(OncePerRequestFilter.java:116) ~[spring-web-6.2.6.jar!/:6.2.6]
	at org.apache.catalina.core.ApplicationFilterChain.internalDoFilter(ApplicationFilterChain.java:164) ~[tomcat-embed-core-10.1.40.jar!/:na]
	at org.apache.catalina.core.ApplicationFilterChain.doFilter(ApplicationFilterChain.java:140) ~[tomcat-embed-core-10.1.40.jar!/:na]
	at org.springframework.web.filter.CharacterEncodingFilter.doFilterInternal(CharacterEncodingFilter.java:201) ~[spring-web-6.2.6.jar!/:6.2.6]
	at org.springframework.web.filter.OncePerRequestFilter.doFilter(OncePerRequestFilter.java:116) ~[spring-web-6.2.6.jar!/:6.2.6]
	at org.apache.catalina.core.ApplicationFilterChain.internalDoFilter(ApplicationFilterChain.java:164) ~[tomcat-embed-core-10.1.40.jar!/:na]
	at org.apache.catalina.core.ApplicationFilterChain.doFilter(ApplicationFilterChain.java:140) ~[tomcat-embed-core-10.1.40.jar!/:na]
	at org.apache.catalina.core.StandardWrapperValve.invoke(StandardWrapperValve.java:167) ~[tomcat-embed-core-10.1.40.jar!/:na]
	at org.apache.catalina.core.StandardContextValve.invoke(StandardContextValve.java:90) ~[tomcat-embed-core-10.1.40.jar!/:na]
	at org.apache.catalina.authenticator.AuthenticatorBase.invoke(AuthenticatorBase.java:483) ~[tomcat-embed-core-10.1.40.jar!/:na]
	at org.apache.catalina.core.StandardHostValve.invoke(StandardHostValve.java:116) ~[tomcat-embed-core-10.1.40.jar!/:na]
	at org.apache.catalina.valves.ErrorReportValve.invoke(ErrorReportValve.java:93) ~[tomcat-embed-core-10.1.40.jar!/:na]
	at org.apache.catalina.core.StandardEngineValve.invoke(StandardEngineValve.java:74) ~[tomcat-embed-core-10.1.40.jar!/:na]
	at org.apache.catalina.connector.CoyoteAdapter.service(CoyoteAdapter.java:344) ~[tomcat-embed-core-10.1.40.jar!/:na]
	at org.apache.coyote.http11.Http11Processor.service(Http11Processor.java:398) ~[tomcat-embed-core-10.1.40.jar!/:na]
	at org.apache.coyote.AbstractProcessorLight.process(AbstractProcessorLight.java:63) ~[tomcat-embed-core-10.1.40.jar!/:na]
	at org.apache.coyote.AbstractProtocol$ConnectionHandler.process(AbstractProtocol.java:903) ~[tomcat-embed-core-10.1.40.jar!/:na]
	at org.apache.tomcat.util.net.NioEndpoint$SocketProcessor.doRun(NioEndpoint.java:1740) ~[tomcat-embed-core-10.1.40.jar!/:na]
	at org.apache.tomcat.util.net.SocketProcessorBase.run(SocketProcessorBase.java:52) ~[tomcat-embed-core-10.1.40.jar!/:na]
	at org.apache.tomcat.util.threads.ThreadPoolExecutor.runWorker(ThreadPoolExecutor.java:1189) ~[tomcat-embed-core-10.1.40.jar!/:na]
	at org.apache.tomcat.util.threads.ThreadPoolExecutor$Worker.run(ThreadPoolExecutor.java:658) ~[tomcat-embed-core-10.1.40.jar!/:na]
	at org.apache.tomcat.util.threads.TaskThread$WrappingRunnable.run(TaskThread.java:63) ~[tomcat-embed-core-10.1.40.jar!/:na]
	at java.base/java.lang.Thread.run(Thread.java:1583) ~[na:na]
Caused by: org.opensearch.client.opensearch._types.OpenSearchException: Request failed: [search_phase_execution_exception] all shards failed
	at org.opensearch.client.transport.Endpoint.exceptionConverter(Endpoint.java:102) ~[opensearch-java-2.19.0.jar!/:na]
	at org.opensearch.client.transport.httpclient5.ApacheHttpClient5Transport.prepareResponse(ApacheHttpClient5Transport.java:547) ~[opensearch-java-2.19.0.jar!/:na]
	at org.opensearch.client.transport.httpclient5.ApacheHttpClient5Transport.lambda$performRequestAsync$0(ApacheHttpClient5Transport.java:191) ~[opensearch-java-2.19.0.jar!/:na]
	at java.base/java.util.concurrent.CompletableFuture$UniApply.tryFire(CompletableFuture.java:646) ~[na:na]
	at java.base/java.util.concurrent.CompletableFuture.postComplete(CompletableFuture.java:510) ~[na:na]
	at java.base/java.util.concurrent.CompletableFuture.complete(CompletableFuture.java:2179) ~[na:na]
	at org.opensearch.client.transport.httpclient5.ApacheHttpClient5Transport$1.completed(ApacheHttpClient5Transport.java:236) ~[opensearch-java-2.19.0.jar!/:na]
	at org.opensearch.client.transport.httpclient5.ApacheHttpClient5Transport$1.completed(ApacheHttpClient5Transport.java:225) ~[opensearch-java-2.19.0.jar!/:na]
	at org.apache.hc.core5.concurrent.BasicFuture.completed(BasicFuture.java:148) ~[httpcore5-5.3.4.jar!/:5.3.4]
	at org.apache.hc.core5.concurrent.ComplexFuture.completed(ComplexFuture.java:72) ~[httpcore5-5.3.4.jar!/:5.3.4]
	at org.apache.hc.client5.http.impl.async.InternalAbstractHttpAsyncClient$2$1.completed(InternalAbstractHttpAsyncClient.java:318) ~[httpclient5-5.4.3.jar!/:5.4.3]
	at org.apache.hc.core5.http.nio.support.AbstractAsyncResponseConsumer$1.completed(AbstractAsyncResponseConsumer.java:101) ~[httpcore5-5.3.4.jar!/:5.3.4]
	at org.apache.hc.core5.http.nio.entity.AbstractBinAsyncEntityConsumer.completed(AbstractBinAsyncEntityConsumer.java:87) ~[httpcore5-5.3.4.jar!/:5.3.4]
	at org.apache.hc.core5.http.nio.entity.AbstractBinDataConsumer.streamEnd(AbstractBinDataConsumer.java:83) ~[httpcore5-5.3.4.jar!/:5.3.4]
	at org.apache.hc.core5.http.nio.support.AbstractAsyncResponseConsumer.streamEnd(AbstractAsyncResponseConsumer.java:142) ~[httpcore5-5.3.4.jar!/:5.3.4]
	at org.apache.hc.client5.http.impl.async.HttpAsyncMainClientExec$1.streamEnd(HttpAsyncMainClientExec.java:283) ~[httpclient5-5.4.3.jar!/:5.4.3]
	at org.apache.hc.core5.http2.impl.nio.ClientH2StreamHandler.consumeData(ClientH2StreamHandler.java:242) ~[httpcore5-h2-5.3.4.jar!/:5.3.4]
	at org.apache.hc.core5.http2.impl.nio.AbstractH2StreamMultiplexer$H2Stream.consumeData(AbstractH2StreamMultiplexer.java:1645) ~[httpcore5-h2-5.3.4.jar!/:5.3.4]
	at org.apache.hc.core5.http2.impl.nio.AbstractH2StreamMultiplexer.consumeDataFrame(AbstractH2StreamMultiplexer.java:1049) ~[httpcore5-h2-5.3.4.jar!/:5.3.4]
	at org.apache.hc.core5.http2.impl.nio.AbstractH2StreamMultiplexer.consumeFrame(AbstractH2StreamMultiplexer.java:738) ~[httpcore5-h2-5.3.4.jar!/:5.3.4]
	at org.apache.hc.core5.http2.impl.nio.AbstractH2StreamMultiplexer.onInput(AbstractH2StreamMultiplexer.java:447) ~[httpcore5-h2-5.3.4.jar!/:5.3.4]
	at org.apache.hc.core5.http2.impl.nio.AbstractH2IOEventHandler.inputReady(AbstractH2IOEventHandler.java:65) ~[httpcore5-h2-5.3.4.jar!/:5.3.4]
	at org.apache.hc.core5.http2.impl.nio.ClientH2IOEventHandler.inputReady(ClientH2IOEventHandler.java:39) ~[httpcore5-h2-5.3.4.jar!/:5.3.4]
	at org.apache.hc.core5.reactor.ssl.SSLIOSession.decryptData(SSLIOSession.java:618) ~[httpcore5-5.3.4.jar!/:5.3.4]
	at org.apache.hc.core5.reactor.ssl.SSLIOSession.access$200(SSLIOSession.java:74) ~[httpcore5-5.3.4.jar!/:5.3.4]
	at org.apache.hc.core5.reactor.ssl.SSLIOSession$1.inputReady(SSLIOSession.java:204) ~[httpcore5-5.3.4.jar!/:5.3.4]
	at org.apache.hc.core5.reactor.InternalDataChannel.onIOEvent(InternalDataChannel.java:143) ~[httpcore5-5.3.4.jar!/:5.3.4]
	at org.apache.hc.core5.reactor.InternalChannel.handleIOEvent(InternalChannel.java:51) ~[httpcore5-5.3.4.jar!/:5.3.4]
	at org.apache.hc.core5.reactor.SingleCoreIOReactor.processEvents(SingleCoreIOReactor.java:176) ~[httpcore5-5.3.4.jar!/:5.3.4]
	at org.apache.hc.core5.reactor.SingleCoreIOReactor.doExecute(SingleCoreIOReactor.java:125) ~[httpcore5-5.3.4.jar!/:5.3.4]
	at org.apache.hc.core5.reactor.AbstractSingleCoreIOReactor.execute(AbstractSingleCoreIOReactor.java:92) ~[httpcore5-5.3.4.jar!/:5.3.4]
	at org.apache.hc.core5.reactor.IOReactorWorker.run(IOReactorWorker.java:44) ~[httpcore5-5.3.4.jar!/:5.3.4]
	... 1 common frames omitted

2026-03-23T17:00:59.971+08:00 DEBUG 86664 --- [DocumentManagement] [nio-8080-exec-1] o.s.security.web.FilterChainProxy        : Securing GET /api/dashboard/my-tasks
2026-03-23T17:00:59.985+08:00 DEBUG 86664 --- [DocumentManagement] [nio-8080-exec-1] o.s.s.a.dao.DaoAuthenticationProvider    : Authenticated user
2026-03-23T17:00:59.985+08:00 DEBUG 86664 --- [DocumentManagement] [nio-8080-exec-1] o.s.s.w.a.www.BasicAuthenticationFilter  : Set SecurityContextHolder to UsernamePasswordAuthenticationToken [Principal=org.springframework.security.core.userdetails.User [Username=gloria, Password=[PROTECTED], Enabled=true, AccountNonExpired=true, CredentialsNonExpired=true, AccountNonLocked=true, Granted Authorities=[ROLE_SYS_ADMIN]], Credentials=[PROTECTED], Authenticated=true, Details=WebAuthenticationDetails [RemoteIpAddress=0:0:0:0:0:0:0:1, SessionId=null], Granted Authorities=[ROLE_SYS_ADMIN]]
2026-03-23T17:00:59.987+08:00 DEBUG 86664 --- [DocumentManagement] [nio-8080-exec-1] o.s.security.web.FilterChainProxy        : Secured GET /api/dashboard/my-tasks
2026-03-23T17:01:00.016+08:00 ERROR 86664 --- [DocumentManagement] [nio-8080-exec-1] c.dms.exception.GlobalExceptionHandler   : Unhandled exception

org.opensearch.client.opensearch._types.OpenSearchException: Request failed: [search_phase_execution_exception] all shards failed
	at org.opensearch.client.transport.httpclient5.ApacheHttpClient5Transport.extractAndWrapCause(ApacheHttpClient5Transport.java:1153) ~[opensearch-java-2.19.0.jar!/:na]
	at org.opensearch.client.transport.httpclient5.ApacheHttpClient5Transport.performRequest(ApacheHttpClient5Transport.java:158) ~[opensearch-java-2.19.0.jar!/:na]
	at org.opensearch.client.opensearch.OpenSearchClient.search(OpenSearchClient.java:1386) ~[opensearch-java-2.19.0.jar!/:na]
	at com.dms.repository.BaseOpenSearchRepository.search(BaseOpenSearchRepository.java:154) ~[!/:0.0.1-SNAPSHOT]
	at com.dms.task.repository.UserTaskRepository.searchSafely(UserTaskRepository.java:91) ~[!/:0.0.1-SNAPSHOT]
	at com.dms.task.repository.UserTaskRepository.findByAssigneeUsernameIgnoreCaseOrderByDueDateAsc(UserTaskRepository.java:59) ~[!/:0.0.1-SNAPSHOT]
	at java.base/jdk.internal.reflect.DirectMethodHandleAccessor.invoke(DirectMethodHandleAccessor.java:103) ~[na:na]
	at java.base/java.lang.reflect.Method.invoke(Method.java:580) ~[na:na]
	at org.springframework.aop.support.AopUtils.invokeJoinpointUsingReflection(AopUtils.java:359) ~[spring-aop-6.2.6.jar!/:6.2.6]
	at org.springframework.aop.framework.ReflectiveMethodInvocation.invokeJoinpoint(ReflectiveMethodInvocation.java:196) ~[spring-aop-6.2.6.jar!/:6.2.6]
	at org.springframework.aop.framework.ReflectiveMethodInvocation.proceed(ReflectiveMethodInvocation.java:163) ~[spring-aop-6.2.6.jar!/:6.2.6]
	at org.springframework.dao.support.PersistenceExceptionTranslationInterceptor.invoke(PersistenceExceptionTranslationInterceptor.java:138) ~[spring-tx-6.2.6.jar!/:6.2.6]
	at org.springframework.aop.framework.ReflectiveMethodInvocation.proceed(ReflectiveMethodInvocation.java:184) ~[spring-aop-6.2.6.jar!/:6.2.6]
	at org.springframework.aop.framework.CglibAopProxy$DynamicAdvisedInterceptor.intercept(CglibAopProxy.java:728) ~[spring-aop-6.2.6.jar!/:6.2.6]
	at com.dms.task.repository.UserTaskRepository$$SpringCGLIB$$0.findByAssigneeUsernameIgnoreCaseOrderByDueDateAsc(<generated>) ~[!/:0.0.1-SNAPSHOT]
	at com.dms.task.service.UserDashboardService.buildDashboardFor(UserDashboardService.java:31) ~[!/:0.0.1-SNAPSHOT]
	at java.base/jdk.internal.reflect.DirectMethodHandleAccessor.invoke(DirectMethodHandleAccessor.java:103) ~[na:na]
	at java.base/java.lang.reflect.Method.invoke(Method.java:580) ~[na:na]
	at org.springframework.aop.support.AopUtils.invokeJoinpointUsingReflection(AopUtils.java:359) ~[spring-aop-6.2.6.jar!/:6.2.6]
	at org.springframework.aop.framework.ReflectiveMethodInvocation.invokeJoinpoint(ReflectiveMethodInvocation.java:196) ~[spring-aop-6.2.6.jar!/:6.2.6]
	at org.springframework.aop.framework.ReflectiveMethodInvocation.proceed(ReflectiveMethodInvocation.java:163) ~[spring-aop-6.2.6.jar!/:6.2.6]
	at org.springframework.transaction.interceptor.TransactionAspectSupport.invokeWithinTransaction(TransactionAspectSupport.java:380) ~[spring-tx-6.2.6.jar!/:6.2.6]
	at org.springframework.transaction.interceptor.TransactionInterceptor.invoke(TransactionInterceptor.java:119) ~[spring-tx-6.2.6.jar!/:6.2.6]
	at org.springframework.aop.framework.ReflectiveMethodInvocation.proceed(ReflectiveMethodInvocation.java:184) ~[spring-aop-6.2.6.jar!/:6.2.6]
	at org.springframework.aop.framework.CglibAopProxy$DynamicAdvisedInterceptor.intercept(CglibAopProxy.java:728) ~[spring-aop-6.2.6.jar!/:6.2.6]
	at com.dms.task.service.UserDashboardService$$SpringCGLIB$$0.buildDashboardFor(<generated>) ~[!/:0.0.1-SNAPSHOT]
	at com.dms.task.controller.UserDashboardController.currentUserTasks(UserDashboardController.java:29) ~[!/:0.0.1-SNAPSHOT]
	at java.base/jdk.internal.reflect.DirectMethodHandleAccessor.invoke(DirectMethodHandleAccessor.java:103) ~[na:na]
	at java.base/java.lang.reflect.Method.invoke(Method.java:580) ~[na:na]
	at org.springframework.web.method.support.InvocableHandlerMethod.doInvoke(InvocableHandlerMethod.java:258) ~[spring-web-6.2.6.jar!/:6.2.6]
	at org.springframework.web.method.support.InvocableHandlerMethod.invokeForRequest(InvocableHandlerMethod.java:191) ~[spring-web-6.2.6.jar!/:6.2.6]
	at org.springframework.web.servlet.mvc.method.annotation.ServletInvocableHandlerMethod.invokeAndHandle(ServletInvocableHandlerMethod.java:118) ~[spring-webmvc-6.2.6.jar!/:6.2.6]
	at org.springframework.web.servlet.mvc.method.annotation.RequestMappingHandlerAdapter.invokeHandlerMethod(RequestMappingHandlerAdapter.java:986) ~[spring-webmvc-6.2.6.jar!/:6.2.6]
	at org.springframework.web.servlet.mvc.method.annotation.RequestMappingHandlerAdapter.handleInternal(RequestMappingHandlerAdapter.java:891) ~[spring-webmvc-6.2.6.jar!/:6.2.6]
	at org.springframework.web.servlet.mvc.method.AbstractHandlerMethodAdapter.handle(AbstractHandlerMethodAdapter.java:87) ~[spring-webmvc-6.2.6.jar!/:6.2.6]
	at org.springframework.web.servlet.DispatcherServlet.doDispatch(DispatcherServlet.java:1089) ~[spring-webmvc-6.2.6.jar!/:6.2.6]
	at org.springframework.web.servlet.DispatcherServlet.doService(DispatcherServlet.java:979) ~[spring-webmvc-6.2.6.jar!/:6.2.6]
	at org.springframework.web.servlet.FrameworkServlet.processRequest(FrameworkServlet.java:1014) ~[spring-webmvc-6.2.6.jar!/:6.2.6]
	at org.springframework.web.servlet.FrameworkServlet.doGet(FrameworkServlet.java:903) ~[spring-webmvc-6.2.6.jar!/:6.2.6]
	at jakarta.servlet.http.HttpServlet.service(HttpServlet.java:564) ~[tomcat-embed-core-10.1.40.jar!/:na]
	at org.springframework.web.servlet.FrameworkServlet.service(FrameworkServlet.java:885) ~[spring-webmvc-6.2.6.jar!/:6.2.6]
	at jakarta.servlet.http.HttpServlet.service(HttpServlet.java:658) ~[tomcat-embed-core-10.1.40.jar!/:na]
	at org.apache.catalina.core.ApplicationFilterChain.internalDoFilter(ApplicationFilterChain.java:195) ~[tomcat-embed-core-10.1.40.jar!/:na]
	at org.apache.catalina.core.ApplicationFilterChain.doFilter(ApplicationFilterChain.java:140) ~[tomcat-embed-core-10.1.40.jar!/:na]
	at org.apache.tomcat.websocket.server.WsFilter.doFilter(WsFilter.java:51) ~[tomcat-embed-websocket-10.1.40.jar!/:na]
	at org.apache.catalina.core.ApplicationFilterChain.internalDoFilter(ApplicationFilterChain.java:164) ~[tomcat-embed-core-10.1.40.jar!/:na]
	at org.apache.catalina.core.ApplicationFilterChain.doFilter(ApplicationFilterChain.java:140) ~[tomcat-embed-core-10.1.40.jar!/:na]
	at org.springframework.web.filter.CompositeFilter$VirtualFilterChain.doFilter(CompositeFilter.java:108) ~[spring-web-6.2.6.jar!/:6.2.6]
	at org.springframework.security.web.FilterChainProxy.lambda$doFilterInternal$3(FilterChainProxy.java:231) ~[spring-security-web-6.4.5.jar!/:6.4.5]
	at org.springframework.security.web.FilterChainProxy$VirtualFilterChain.doFilter(FilterChainProxy.java:365) ~[spring-security-web-6.4.5.jar!/:6.4.5]
	at org.springframework.security.web.access.intercept.AuthorizationFilter.doFilter(AuthorizationFilter.java:101) ~[spring-security-web-6.4.5.jar!/:6.4.5]
	at org.springframework.security.web.FilterChainProxy$VirtualFilterChain.doFilter(FilterChainProxy.java:374) ~[spring-security-web-6.4.5.jar!/:6.4.5]
	at org.springframework.security.web.access.ExceptionTranslationFilter.doFilter(ExceptionTranslationFilter.java:126) ~[spring-security-web-6.4.5.jar!/:6.4.5]
	at org.springframework.security.web.access.ExceptionTranslationFilter.doFilter(ExceptionTranslationFilter.java:120) ~[spring-security-web-6.4.5.jar!/:6.4.5]
	at org.springframework.security.web.FilterChainProxy$VirtualFilterChain.doFilter(FilterChainProxy.java:374) ~[spring-security-web-6.4.5.jar!/:6.4.5]
	at org.springframework.security.web.authentication.AnonymousAuthenticationFilter.doFilter(AnonymousAuthenticationFilter.java:100) ~[spring-security-web-6.4.5.jar!/:6.4.5]
	at org.springframework.security.web.FilterChainProxy$VirtualFilterChain.doFilter(FilterChainProxy.java:374) ~[spring-security-web-6.4.5.jar!/:6.4.5]
	at org.springframework.security.web.servletapi.SecurityContextHolderAwareRequestFilter.doFilter(SecurityContextHolderAwareRequestFilter.java:179) ~[spring-security-web-6.4.5.jar!/:6.4.5]
	at org.springframework.security.web.FilterChainProxy$VirtualFilterChain.doFilter(FilterChainProxy.java:374) ~[spring-security-web-6.4.5.jar!/:6.4.5]
	at org.springframework.security.web.savedrequest.RequestCacheAwareFilter.doFilter(RequestCacheAwareFilter.java:63) ~[spring-security-web-6.4.5.jar!/:6.4.5]
	at org.springframework.security.web.FilterChainProxy$VirtualFilterChain.doFilter(FilterChainProxy.java:374) ~[spring-security-web-6.4.5.jar!/:6.4.5]
	at org.springframework.security.web.authentication.www.BasicAuthenticationFilter.doFilterInternal(BasicAuthenticationFilter.java:213) ~[spring-security-web-6.4.5.jar!/:6.4.5]
	at org.springframework.web.filter.OncePerRequestFilter.doFilter(OncePerRequestFilter.java:116) ~[spring-web-6.2.6.jar!/:6.2.6]
	at org.springframework.security.web.FilterChainProxy$VirtualFilterChain.doFilter(FilterChainProxy.java:374) ~[spring-security-web-6.4.5.jar!/:6.4.5]
	at org.springframework.security.web.authentication.logout.LogoutFilter.doFilter(LogoutFilter.java:107) ~[spring-security-web-6.4.5.jar!/:6.4.5]
	at org.springframework.security.web.authentication.logout.LogoutFilter.doFilter(LogoutFilter.java:93) ~[spring-security-web-6.4.5.jar!/:6.4.5]
	at org.springframework.security.web.FilterChainProxy$VirtualFilterChain.doFilter(FilterChainProxy.java:374) ~[spring-security-web-6.4.5.jar!/:6.4.5]
	at org.springframework.security.web.header.HeaderWriterFilter.doHeadersAfter(HeaderWriterFilter.java:90) ~[spring-security-web-6.4.5.jar!/:6.4.5]
	at org.springframework.security.web.header.HeaderWriterFilter.doFilterInternal(HeaderWriterFilter.java:75) ~[spring-security-web-6.4.5.jar!/:6.4.5]
	at org.springframework.web.filter.OncePerRequestFilter.doFilter(OncePerRequestFilter.java:116) ~[spring-web-6.2.6.jar!/:6.2.6]
	at org.springframework.security.web.FilterChainProxy$VirtualFilterChain.doFilter(FilterChainProxy.java:374) ~[spring-security-web-6.4.5.jar!/:6.4.5]
	at org.springframework.security.web.context.SecurityContextHolderFilter.doFilter(SecurityContextHolderFilter.java:82) ~[spring-security-web-6.4.5.jar!/:6.4.5]
	at org.springframework.security.web.context.SecurityContextHolderFilter.doFilter(SecurityContextHolderFilter.java:69) ~[spring-security-web-6.4.5.jar!/:6.4.5]
	at org.springframework.security.web.FilterChainProxy$VirtualFilterChain.doFilter(FilterChainProxy.java:374) ~[spring-security-web-6.4.5.jar!/:6.4.5]
	at org.springframework.security.web.context.request.async.WebAsyncManagerIntegrationFilter.doFilterInternal(WebAsyncManagerIntegrationFilter.java:62) ~[spring-security-web-6.4.5.jar!/:6.4.5]
	at org.springframework.web.filter.OncePerRequestFilter.doFilter(OncePerRequestFilter.java:116) ~[spring-web-6.2.6.jar!/:6.2.6]
	at org.springframework.security.web.FilterChainProxy$VirtualFilterChain.doFilter(FilterChainProxy.java:374) ~[spring-security-web-6.4.5.jar!/:6.4.5]
	at org.springframework.security.web.session.DisableEncodeUrlFilter.doFilterInternal(DisableEncodeUrlFilter.java:42) ~[spring-security-web-6.4.5.jar!/:6.4.5]
	at org.springframework.web.filter.OncePerRequestFilter.doFilter(OncePerRequestFilter.java:116) ~[spring-web-6.2.6.jar!/:6.2.6]
	at org.springframework.security.web.FilterChainProxy$VirtualFilterChain.doFilter(FilterChainProxy.java:374) ~[spring-security-web-6.4.5.jar!/:6.4.5]
	at org.springframework.security.web.FilterChainProxy.doFilterInternal(FilterChainProxy.java:233) ~[spring-security-web-6.4.5.jar!/:6.4.5]
	at org.springframework.security.web.FilterChainProxy.doFilter(FilterChainProxy.java:191) ~[spring-security-web-6.4.5.jar!/:6.4.5]
	at org.springframework.web.filter.CompositeFilter$VirtualFilterChain.doFilter(CompositeFilter.java:113) ~[spring-web-6.2.6.jar!/:6.2.6]
	at org.springframework.web.servlet.handler.HandlerMappingIntrospector.lambda$createCacheFilter$3(HandlerMappingIntrospector.java:243) ~[spring-webmvc-6.2.6.jar!/:6.2.6]
	at org.springframework.web.filter.CompositeFilter$VirtualFilterChain.doFilter(CompositeFilter.java:113) ~[spring-web-6.2.6.jar!/:6.2.6]
	at org.springframework.web.filter.CompositeFilter.doFilter(CompositeFilter.java:74) ~[spring-web-6.2.6.jar!/:6.2.6]
	at org.springframework.security.config.annotation.web.configuration.WebMvcSecurityConfiguration$CompositeFilterChainProxy.doFilter(WebMvcSecurityConfiguration.java:238) ~[spring-security-config-6.4.5.jar!/:6.4.5]
	at org.springframework.web.filter.DelegatingFilterProxy.invokeDelegate(DelegatingFilterProxy.java:362) ~[spring-web-6.2.6.jar!/:6.2.6]
	at org.springframework.web.filter.DelegatingFilterProxy.doFilter(DelegatingFilterProxy.java:278) ~[spring-web-6.2.6.jar!/:6.2.6]
	at org.apache.catalina.core.ApplicationFilterChain.internalDoFilter(ApplicationFilterChain.java:164) ~[tomcat-embed-core-10.1.40.jar!/:na]
	at org.apache.catalina.core.ApplicationFilterChain.doFilter(ApplicationFilterChain.java:140) ~[tomcat-embed-core-10.1.40.jar!/:na]
	at org.springframework.web.filter.RequestContextFilter.doFilterInternal(RequestContextFilter.java:100) ~[spring-web-6.2.6.jar!/:6.2.6]
	at org.springframework.web.filter.OncePerRequestFilter.doFilter(OncePerRequestFilter.java:116) ~[spring-web-6.2.6.jar!/:6.2.6]
	at org.apache.catalina.core.ApplicationFilterChain.internalDoFilter(ApplicationFilterChain.java:164) ~[tomcat-embed-core-10.1.40.jar!/:na]
	at org.apache.catalina.core.ApplicationFilterChain.doFilter(ApplicationFilterChain.java:140) ~[tomcat-embed-core-10.1.40.jar!/:na]
	at org.springframework.web.filter.FormContentFilter.doFilterInternal(FormContentFilter.java:93) ~[spring-web-6.2.6.jar!/:6.2.6]
	at org.springframework.web.filter.OncePerRequestFilter.doFilter(OncePerRequestFilter.java:116) ~[spring-web-6.2.6.jar!/:6.2.6]
	at org.apache.catalina.core.ApplicationFilterChain.internalDoFilter(ApplicationFilterChain.java:164) ~[tomcat-embed-core-10.1.40.jar!/:na]
	at org.apache.catalina.core.ApplicationFilterChain.doFilter(ApplicationFilterChain.java:140) ~[tomcat-embed-core-10.1.40.jar!/:na]
	at org.springframework.web.filter.CharacterEncodingFilter.doFilterInternal(CharacterEncodingFilter.java:201) ~[spring-web-6.2.6.jar!/:6.2.6]
	at org.springframework.web.filter.OncePerRequestFilter.doFilter(OncePerRequestFilter.java:116) ~[spring-web-6.2.6.jar!/:6.2.6]
	at org.apache.catalina.core.ApplicationFilterChain.internalDoFilter(ApplicationFilterChain.java:164) ~[tomcat-embed-core-10.1.40.jar!/:na]
	at org.apache.catalina.core.ApplicationFilterChain.doFilter(ApplicationFilterChain.java:140) ~[tomcat-embed-core-10.1.40.jar!/:na]
	at org.apache.catalina.core.StandardWrapperValve.invoke(StandardWrapperValve.java:167) ~[tomcat-embed-core-10.1.40.jar!/:na]
	at org.apache.catalina.core.StandardContextValve.invoke(StandardContextValve.java:90) ~[tomcat-embed-core-10.1.40.jar!/:na]
	at org.apache.catalina.authenticator.AuthenticatorBase.invoke(AuthenticatorBase.java:483) ~[tomcat-embed-core-10.1.40.jar!/:na]
	at org.apache.catalina.core.StandardHostValve.invoke(StandardHostValve.java:116) ~[tomcat-embed-core-10.1.40.jar!/:na]
	at org.apache.catalina.valves.ErrorReportValve.invoke(ErrorReportValve.java:93) ~[tomcat-embed-core-10.1.40.jar!/:na]
	at org.apache.catalina.core.StandardEngineValve.invoke(StandardEngineValve.java:74) ~[tomcat-embed-core-10.1.40.jar!/:na]
	at org.apache.catalina.connector.CoyoteAdapter.service(CoyoteAdapter.java:344) ~[tomcat-embed-core-10.1.40.jar!/:na]
	at org.apache.coyote.http11.Http11Processor.service(Http11Processor.java:398) ~[tomcat-embed-core-10.1.40.jar!/:na]
	at org.apache.coyote.AbstractProcessorLight.process(AbstractProcessorLight.java:63) ~[tomcat-embed-core-10.1.40.jar!/:na]
	at org.apache.coyote.AbstractProtocol$ConnectionHandler.process(AbstractProtocol.java:903) ~[tomcat-embed-core-10.1.40.jar!/:na]
	at org.apache.tomcat.util.net.NioEndpoint$SocketProcessor.doRun(NioEndpoint.java:1740) ~[tomcat-embed-core-10.1.40.jar!/:na]
	at org.apache.tomcat.util.net.SocketProcessorBase.run(SocketProcessorBase.java:52) ~[tomcat-embed-core-10.1.40.jar!/:na]
	at org.apache.tomcat.util.threads.ThreadPoolExecutor.runWorker(ThreadPoolExecutor.java:1189) ~[tomcat-embed-core-10.1.40.jar!/:na]
	at org.apache.tomcat.util.threads.ThreadPoolExecutor$Worker.run(ThreadPoolExecutor.java:658) ~[tomcat-embed-core-10.1.40.jar!/:na]
	at org.apache.tomcat.util.threads.TaskThread$WrappingRunnable.run(TaskThread.java:63) ~[tomcat-embed-core-10.1.40.jar!/:na]
	at java.base/java.lang.Thread.run(Thread.java:1583) ~[na:na]
Caused by: org.opensearch.client.opensearch._types.OpenSearchException: Request failed: [search_phase_execution_exception] all shards failed
	at org.opensearch.client.transport.Endpoint.exceptionConverter(Endpoint.java:102) ~[opensearch-java-2.19.0.jar!/:na]
	at org.opensearch.client.transport.httpclient5.ApacheHttpClient5Transport.prepareResponse(ApacheHttpClient5Transport.java:547) ~[opensearch-java-2.19.0.jar!/:na]
	at org.opensearch.client.transport.httpclient5.ApacheHttpClient5Transport.lambda$performRequestAsync$0(ApacheHttpClient5Transport.java:191) ~[opensearch-java-2.19.0.jar!/:na]
	at java.base/java.util.concurrent.CompletableFuture$UniApply.tryFire(CompletableFuture.java:646) ~[na:na]
	at java.base/java.util.concurrent.CompletableFuture.postComplete(CompletableFuture.java:510) ~[na:na]
	at java.base/java.util.concurrent.CompletableFuture.complete(CompletableFuture.java:2179) ~[na:na]
	at org.opensearch.client.transport.httpclient5.ApacheHttpClient5Transport$1.completed(ApacheHttpClient5Transport.java:236) ~[opensearch-java-2.19.0.jar!/:na]
	at org.opensearch.client.transport.httpclient5.ApacheHttpClient5Transport$1.completed(ApacheHttpClient5Transport.java:225) ~[opensearch-java-2.19.0.jar!/:na]
	at org.apache.hc.core5.concurrent.BasicFuture.completed(BasicFuture.java:148) ~[httpcore5-5.3.4.jar!/:5.3.4]
	at org.apache.hc.core5.concurrent.ComplexFuture.completed(ComplexFuture.java:72) ~[httpcore5-5.3.4.jar!/:5.3.4]
	at org.apache.hc.client5.http.impl.async.InternalAbstractHttpAsyncClient$2$1.completed(InternalAbstractHttpAsyncClient.java:318) ~[httpclient5-5.4.3.jar!/:5.4.3]
	at org.apache.hc.core5.http.nio.support.AbstractAsyncResponseConsumer$1.completed(AbstractAsyncResponseConsumer.java:101) ~[httpcore5-5.3.4.jar!/:5.3.4]
	at org.apache.hc.core5.http.nio.entity.AbstractBinAsyncEntityConsumer.completed(AbstractBinAsyncEntityConsumer.java:87) ~[httpcore5-5.3.4.jar!/:5.3.4]
	at org.apache.hc.core5.http.nio.entity.AbstractBinDataConsumer.streamEnd(AbstractBinDataConsumer.java:83) ~[httpcore5-5.3.4.jar!/:5.3.4]
	at org.apache.hc.core5.http.nio.support.AbstractAsyncResponseConsumer.streamEnd(AbstractAsyncResponseConsumer.java:142) ~[httpcore5-5.3.4.jar!/:5.3.4]
	at org.apache.hc.client5.http.impl.async.HttpAsyncMainClientExec$1.streamEnd(HttpAsyncMainClientExec.java:283) ~[httpclient5-5.4.3.jar!/:5.4.3]
	at org.apache.hc.core5.http2.impl.nio.ClientH2StreamHandler.consumeData(ClientH2StreamHandler.java:242) ~[httpcore5-h2-5.3.4.jar!/:5.3.4]
	at org.apache.hc.core5.http2.impl.nio.AbstractH2StreamMultiplexer$H2Stream.consumeData(AbstractH2StreamMultiplexer.java:1645) ~[httpcore5-h2-5.3.4.jar!/:5.3.4]
	at org.apache.hc.core5.http2.impl.nio.AbstractH2StreamMultiplexer.consumeDataFrame(AbstractH2StreamMultiplexer.java:1049) ~[httpcore5-h2-5.3.4.jar!/:5.3.4]
	at org.apache.hc.core5.http2.impl.nio.AbstractH2StreamMultiplexer.consumeFrame(AbstractH2StreamMultiplexer.java:738) ~[httpcore5-h2-5.3.4.jar!/:5.3.4]
	at org.apache.hc.core5.http2.impl.nio.AbstractH2StreamMultiplexer.onInput(AbstractH2StreamMultiplexer.java:447) ~[httpcore5-h2-5.3.4.jar!/:5.3.4]
	at org.apache.hc.core5.http2.impl.nio.AbstractH2IOEventHandler.inputReady(AbstractH2IOEventHandler.java:65) ~[httpcore5-h2-5.3.4.jar!/:5.3.4]
	at org.apache.hc.core5.http2.impl.nio.ClientH2IOEventHandler.inputReady(ClientH2IOEventHandler.java:39) ~[httpcore5-h2-5.3.4.jar!/:5.3.4]
	at org.apache.hc.core5.reactor.ssl.SSLIOSession.decryptData(SSLIOSession.java:618) ~[httpcore5-5.3.4.jar!/:5.3.4]
	at org.apache.hc.core5.reactor.ssl.SSLIOSession.access$200(SSLIOSession.java:74) ~[httpcore5-5.3.4.jar!/:5.3.4]
	at org.apache.hc.core5.reactor.ssl.SSLIOSession$1.inputReady(SSLIOSession.java:204) ~[httpcore5-5.3.4.jar!/:5.3.4]
	at org.apache.hc.core5.reactor.InternalDataChannel.onIOEvent(InternalDataChannel.java:143) ~[httpcore5-5.3.4.jar!/:5.3.4]
	at org.apache.hc.core5.reactor.InternalChannel.handleIOEvent(InternalChannel.java:51) ~[httpcore5-5.3.4.jar!/:5.3.4]
	at org.apache.hc.core5.reactor.SingleCoreIOReactor.processEvents(SingleCoreIOReactor.java:176) ~[httpcore5-5.3.4.jar!/:5.3.4]
	at org.apache.hc.core5.reactor.SingleCoreIOReactor.doExecute(SingleCoreIOReactor.java:125) ~[httpcore5-5.3.4.jar!/:5.3.4]
	at org.apache.hc.core5.reactor.AbstractSingleCoreIOReactor.execute(AbstractSingleCoreIOReactor.java:92) ~[httpcore5-5.3.4.jar!/:5.3.4]
	at org.apache.hc.core5.reactor.IOReactorWorker.run(IOReactorWorker.java:44) ~[httpcore5-5.3.4.jar!/:5.3.4]
	... 1 common frames omitted

2026-03-23T17:01:01.105+08:00 DEBUG 86664 --- [DocumentManagement] [nio-8080-exec-2] o.s.security.web.FilterChainProxy        : Securing GET /api/folders/tree
2026-03-23T17:01:01.124+08:00 DEBUG 86664 --- [DocumentManagement] [nio-8080-exec-2] o.s.s.a.dao.DaoAuthenticationProvider    : Authenticated user
2026-03-23T17:01:01.125+08:00 DEBUG 86664 --- [DocumentManagement] [nio-8080-exec-2] o.s.s.w.a.www.BasicAuthenticationFilter  : Set SecurityContextHolder to UsernamePasswordAuthenticationToken [Principal=org.springframework.security.core.userdetails.User [Username=gloria, Password=[PROTECTED], Enabled=true, AccountNonExpired=true, CredentialsNonExpired=true, AccountNonLocked=true, Granted Authorities=[ROLE_SYS_ADMIN]], Credentials=[PROTECTED], Authenticated=true, Details=WebAuthenticationDetails [RemoteIpAddress=0:0:0:0:0:0:0:1, SessionId=null], Granted Authorities=[ROLE_SYS_ADMIN]]
2026-03-23T17:01:01.126+08:00 DEBUG 86664 --- [DocumentManagement] [nio-8080-exec-2] o.s.security.web.FilterChainProxy        : Secured GET /api/folders/tree
2026-03-23T17:01:01.155+08:00 DEBUG 86664 --- [DocumentManagement] [nio-8080-exec-3] o.s.security.web.FilterChainProxy        : Securing GET /api/folders/tree
2026-03-23T17:01:01.176+08:00 DEBUG 86664 --- [DocumentManagement] [nio-8080-exec-3] o.s.s.a.dao.DaoAuthenticationProvider    : Authenticated user
2026-03-23T17:01:01.177+08:00 DEBUG 86664 --- [DocumentManagement] [nio-8080-exec-3] o.s.s.w.a.www.BasicAuthenticationFilter  : Set SecurityContextHolder to UsernamePasswordAuthenticationToken [Principal=org.springframework.security.core.userdetails.User [Username=gloria, Password=[PROTECTED], Enabled=true, AccountNonExpired=true, CredentialsNonExpired=true, AccountNonLocked=true, Granted Authorities=[ROLE_SYS_ADMIN]], Credentials=[PROTECTED], Authenticated=true, Details=WebAuthenticationDetails [RemoteIpAddress=0:0:0:0:0:0:0:1, SessionId=null], Granted Authorities=[ROLE_SYS_ADMIN]]
2026-03-23T17:01:01.178+08:00 DEBUG 86664 --- [DocumentManagement] [nio-8080-exec-3] o.s.security.web.FilterChainProxy        : Secured GET /api/folders/tree
2026-03-23T17:01:01.225+08:00 DEBUG 86664 --- [DocumentManagement] [nio-8080-exec-4] o.s.security.web.FilterChainProxy        : Securing GET /api/documents?page=0&size=12&sort=createdAt%2Cdesc
2026-03-23T17:01:01.241+08:00 DEBUG 86664 --- [DocumentManagement] [nio-8080-exec-4] o.s.s.a.dao.DaoAuthenticationProvider    : Authenticated user
2026-03-23T17:01:01.242+08:00 DEBUG 86664 --- [DocumentManagement] [nio-8080-exec-4] o.s.s.w.a.www.BasicAuthenticationFilter  : Set SecurityContextHolder to UsernamePasswordAuthenticationToken [Principal=org.springframework.security.core.userdetails.User [Username=gloria, Password=[PROTECTED], Enabled=true, AccountNonExpired=true, CredentialsNonExpired=true, AccountNonLocked=true, Granted Authorities=[ROLE_SYS_ADMIN]], Credentials=[PROTECTED], Authenticated=true, Details=WebAuthenticationDetails [RemoteIpAddress=0:0:0:0:0:0:0:1, SessionId=null], Granted Authorities=[ROLE_SYS_ADMIN]]
2026-03-23T17:01:01.253+08:00 DEBUG 86664 --- [DocumentManagement] [nio-8080-exec-4] o.s.security.web.FilterChainProxy        : Secured GET /api/documents?page=0&size=12&sort=createdAt%2Cdesc
2026-03-23T17:01:01.548+08:00 DEBUG 86664 --- [DocumentManagement] [nio-8080-exec-5] o.s.security.web.FilterChainProxy        : Securing GET /api/documents?page=0&size=12&sort=createdAt%2Cdesc
2026-03-23T17:01:01.564+08:00 DEBUG 86664 --- [DocumentManagement] [nio-8080-exec-5] o.s.s.a.dao.DaoAuthenticationProvider    : Authenticated user
2026-03-23T17:01:01.565+08:00 DEBUG 86664 --- [DocumentManagement] [nio-8080-exec-5] o.s.s.w.a.www.BasicAuthenticationFilter  : Set SecurityContextHolder to UsernamePasswordAuthenticationToken [Principal=org.springframework.security.core.userdetails.User [Username=gloria, Password=[PROTECTED], Enabled=true, AccountNonExpired=true, CredentialsNonExpired=true, AccountNonLocked=true, Granted Authorities=[ROLE_SYS_ADMIN]], Credentials=[PROTECTED], Authenticated=true, Details=WebAuthenticationDetails [RemoteIpAddress=0:0:0:0:0:0:0:1, SessionId=null], Granted Authorities=[ROLE_SYS_ADMIN]]
2026-03-23T17:01:01.566+08:00 DEBUG 86664 --- [DocumentManagement] [nio-8080-exec-5] o.s.security.web.FilterChainProxy        : Secured GET /api/documents?page=0&size=12&sort=createdAt%2Cdesc
2026-03-23T17:01:06.097+08:00 DEBUG 86664 --- [DocumentManagement] [nio-8080-exec-6] o.s.security.web.FilterChainProxy        : Securing GET /api/dashboard/my-tasks
2026-03-23T17:01:06.113+08:00 DEBUG 86664 --- [DocumentManagement] [nio-8080-exec-6] o.s.s.a.dao.DaoAuthenticationProvider    : Authenticated user
2026-03-23T17:01:06.115+08:00 DEBUG 86664 --- [DocumentManagement] [nio-8080-exec-6] o.s.s.w.a.www.BasicAuthenticationFilter  : Set SecurityContextHolder to UsernamePasswordAuthenticationToken [Principal=org.springframework.security.core.userdetails.User [Username=gloria, Password=[PROTECTED], Enabled=true, AccountNonExpired=true, CredentialsNonExpired=true, AccountNonLocked=true, Granted Authorities=[ROLE_SYS_ADMIN]], Credentials=[PROTECTED], Authenticated=true, Details=WebAuthenticationDetails [RemoteIpAddress=0:0:0:0:0:0:0:1, SessionId=null], Granted Authorities=[ROLE_SYS_ADMIN]]
2026-03-23T17:01:06.115+08:00 DEBUG 86664 --- [DocumentManagement] [nio-8080-exec-6] o.s.security.web.FilterChainProxy        : Secured GET /api/dashboard/my-tasks
2026-03-23T17:01:06.145+08:00 ERROR 86664 --- [DocumentManagement] [nio-8080-exec-6] c.dms.exception.GlobalExceptionHandler   : Unhandled exception

org.opensearch.client.opensearch._types.OpenSearchException: Request failed: [search_phase_execution_exception] all shards failed
	at org.opensearch.client.transport.httpclient5.ApacheHttpClient5Transport.extractAndWrapCause(ApacheHttpClient5Transport.java:1153) ~[opensearch-java-2.19.0.jar!/:na]
	at org.opensearch.client.transport.httpclient5.ApacheHttpClient5Transport.performRequest(ApacheHttpClient5Transport.java:158) ~[opensearch-java-2.19.0.jar!/:na]
	at org.opensearch.client.opensearch.OpenSearchClient.search(OpenSearchClient.java:1386) ~[opensearch-java-2.19.0.jar!/:na]
	at com.dms.repository.BaseOpenSearchRepository.search(BaseOpenSearchRepository.java:154) ~[!/:0.0.1-SNAPSHOT]
	at com.dms.task.repository.UserTaskRepository.searchSafely(UserTaskRepository.java:91) ~[!/:0.0.1-SNAPSHOT]
	at com.dms.task.repository.UserTaskRepository.findByAssigneeUsernameIgnoreCaseOrderByDueDateAsc(UserTaskRepository.java:59) ~[!/:0.0.1-SNAPSHOT]
	at java.base/jdk.internal.reflect.DirectMethodHandleAccessor.invoke(DirectMethodHandleAccessor.java:103) ~[na:na]
	at java.base/java.lang.reflect.Method.invoke(Method.java:580) ~[na:na]
	at org.springframework.aop.support.AopUtils.invokeJoinpointUsingReflection(AopUtils.java:359) ~[spring-aop-6.2.6.jar!/:6.2.6]
	at org.springframework.aop.framework.ReflectiveMethodInvocation.invokeJoinpoint(ReflectiveMethodInvocation.java:196) ~[spring-aop-6.2.6.jar!/:6.2.6]
	at org.springframework.aop.framework.ReflectiveMethodInvocation.proceed(ReflectiveMethodInvocation.java:163) ~[spring-aop-6.2.6.jar!/:6.2.6]
	at org.springframework.dao.support.PersistenceExceptionTranslationInterceptor.invoke(PersistenceExceptionTranslationInterceptor.java:138) ~[spring-tx-6.2.6.jar!/:6.2.6]
	at org.springframework.aop.framework.ReflectiveMethodInvocation.proceed(ReflectiveMethodInvocation.java:184) ~[spring-aop-6.2.6.jar!/:6.2.6]
	at org.springframework.aop.framework.CglibAopProxy$DynamicAdvisedInterceptor.intercept(CglibAopProxy.java:728) ~[spring-aop-6.2.6.jar!/:6.2.6]
	at com.dms.task.repository.UserTaskRepository$$SpringCGLIB$$0.findByAssigneeUsernameIgnoreCaseOrderByDueDateAsc(<generated>) ~[!/:0.0.1-SNAPSHOT]
	at com.dms.task.service.UserDashboardService.buildDashboardFor(UserDashboardService.java:31) ~[!/:0.0.1-SNAPSHOT]
	at java.base/jdk.internal.reflect.DirectMethodHandleAccessor.invoke(DirectMethodHandleAccessor.java:103) ~[na:na]
	at java.base/java.lang.reflect.Method.invoke(Method.java:580) ~[na:na]
	at org.springframework.aop.support.AopUtils.invokeJoinpointUsingReflection(AopUtils.java:359) ~[spring-aop-6.2.6.jar!/:6.2.6]
	at org.springframework.aop.framework.ReflectiveMethodInvocation.invokeJoinpoint(ReflectiveMethodInvocation.java:196) ~[spring-aop-6.2.6.jar!/:6.2.6]
	at org.springframework.aop.framework.ReflectiveMethodInvocation.proceed(ReflectiveMethodInvocation.java:163) ~[spring-aop-6.2.6.jar!/:6.2.6]
	at org.springframework.transaction.interceptor.TransactionAspectSupport.invokeWithinTransaction(TransactionAspectSupport.java:380) ~[spring-tx-6.2.6.jar!/:6.2.6]
	at org.springframework.transaction.interceptor.TransactionInterceptor.invoke(TransactionInterceptor.java:119) ~[spring-tx-6.2.6.jar!/:6.2.6]
	at org.springframework.aop.framework.ReflectiveMethodInvocation.proceed(ReflectiveMethodInvocation.java:184) ~[spring-aop-6.2.6.jar!/:6.2.6]
	at org.springframework.aop.framework.CglibAopProxy$DynamicAdvisedInterceptor.intercept(CglibAopProxy.java:728) ~[spring-aop-6.2.6.jar!/:6.2.6]
	at com.dms.task.service.UserDashboardService$$SpringCGLIB$$0.buildDashboardFor(<generated>) ~[!/:0.0.1-SNAPSHOT]
	at com.dms.task.controller.UserDashboardController.currentUserTasks(UserDashboardController.java:29) ~[!/:0.0.1-SNAPSHOT]
	at java.base/jdk.internal.reflect.DirectMethodHandleAccessor.invoke(DirectMethodHandleAccessor.java:103) ~[na:na]
	at java.base/java.lang.reflect.Method.invoke(Method.java:580) ~[na:na]
	at org.springframework.web.method.support.InvocableHandlerMethod.doInvoke(InvocableHandlerMethod.java:258) ~[spring-web-6.2.6.jar!/:6.2.6]
	at org.springframework.web.method.support.InvocableHandlerMethod.invokeForRequest(InvocableHandlerMethod.java:191) ~[spring-web-6.2.6.jar!/:6.2.6]
	at org.springframework.web.servlet.mvc.method.annotation.ServletInvocableHandlerMethod.invokeAndHandle(ServletInvocableHandlerMethod.java:118) ~[spring-webmvc-6.2.6.jar!/:6.2.6]
	at org.springframework.web.servlet.mvc.method.annotation.RequestMappingHandlerAdapter.invokeHandlerMethod(RequestMappingHandlerAdapter.java:986) ~[spring-webmvc-6.2.6.jar!/:6.2.6]
	at org.springframework.web.servlet.mvc.method.annotation.RequestMappingHandlerAdapter.handleInternal(RequestMappingHandlerAdapter.java:891) ~[spring-webmvc-6.2.6.jar!/:6.2.6]
	at org.springframework.web.servlet.mvc.method.AbstractHandlerMethodAdapter.handle(AbstractHandlerMethodAdapter.java:87) ~[spring-webmvc-6.2.6.jar!/:6.2.6]
	at org.springframework.web.servlet.DispatcherServlet.doDispatch(DispatcherServlet.java:1089) ~[spring-webmvc-6.2.6.jar!/:6.2.6]
	at org.springframework.web.servlet.DispatcherServlet.doService(DispatcherServlet.java:979) ~[spring-webmvc-6.2.6.jar!/:6.2.6]
	at org.springframework.web.servlet.FrameworkServlet.processRequest(FrameworkServlet.java:1014) ~[spring-webmvc-6.2.6.jar!/:6.2.6]
	at org.springframework.web.servlet.FrameworkServlet.doGet(FrameworkServlet.java:903) ~[spring-webmvc-6.2.6.jar!/:6.2.6]
	at jakarta.servlet.http.HttpServlet.service(HttpServlet.java:564) ~[tomcat-embed-core-10.1.40.jar!/:na]
	at org.springframework.web.servlet.FrameworkServlet.service(FrameworkServlet.java:885) ~[spring-webmvc-6.2.6.jar!/:6.2.6]
	at jakarta.servlet.http.HttpServlet.service(HttpServlet.java:658) ~[tomcat-embed-core-10.1.40.jar!/:na]
	at org.apache.catalina.core.ApplicationFilterChain.internalDoFilter(ApplicationFilterChain.java:195) ~[tomcat-embed-core-10.1.40.jar!/:na]
	at org.apache.catalina.core.ApplicationFilterChain.doFilter(ApplicationFilterChain.java:140) ~[tomcat-embed-core-10.1.40.jar!/:na]
	at org.apache.tomcat.websocket.server.WsFilter.doFilter(WsFilter.java:51) ~[tomcat-embed-websocket-10.1.40.jar!/:na]
	at org.apache.catalina.core.ApplicationFilterChain.internalDoFilter(ApplicationFilterChain.java:164) ~[tomcat-embed-core-10.1.40.jar!/:na]
	at org.apache.catalina.core.ApplicationFilterChain.doFilter(ApplicationFilterChain.java:140) ~[tomcat-embed-core-10.1.40.jar!/:na]
	at org.springframework.web.filter.CompositeFilter$VirtualFilterChain.doFilter(CompositeFilter.java:108) ~[spring-web-6.2.6.jar!/:6.2.6]
	at org.springframework.security.web.FilterChainProxy.lambda$doFilterInternal$3(FilterChainProxy.java:231) ~[spring-security-web-6.4.5.jar!/:6.4.5]
	at org.springframework.security.web.FilterChainProxy$VirtualFilterChain.doFilter(FilterChainProxy.java:365) ~[spring-security-web-6.4.5.jar!/:6.4.5]
	at org.springframework.security.web.access.intercept.AuthorizationFilter.doFilter(AuthorizationFilter.java:101) ~[spring-security-web-6.4.5.jar!/:6.4.5]
	at org.springframework.security.web.FilterChainProxy$VirtualFilterChain.doFilter(FilterChainProxy.java:374) ~[spring-security-web-6.4.5.jar!/:6.4.5]
	at org.springframework.security.web.access.ExceptionTranslationFilter.doFilter(ExceptionTranslationFilter.java:126) ~[spring-security-web-6.4.5.jar!/:6.4.5]
	at org.springframework.security.web.access.ExceptionTranslationFilter.doFilter(ExceptionTranslationFilter.java:120) ~[spring-security-web-6.4.5.jar!/:6.4.5]
	at org.springframework.security.web.FilterChainProxy$VirtualFilterChain.doFilter(FilterChainProxy.java:374) ~[spring-security-web-6.4.5.jar!/:6.4.5]
	at org.springframework.security.web.authentication.AnonymousAuthenticationFilter.doFilter(AnonymousAuthenticationFilter.java:100) ~[spring-security-web-6.4.5.jar!/:6.4.5]
	at org.springframework.security.web.FilterChainProxy$VirtualFilterChain.doFilter(FilterChainProxy.java:374) ~[spring-security-web-6.4.5.jar!/:6.4.5]
	at org.springframework.security.web.servletapi.SecurityContextHolderAwareRequestFilter.doFilter(SecurityContextHolderAwareRequestFilter.java:179) ~[spring-security-web-6.4.5.jar!/:6.4.5]
	at org.springframework.security.web.FilterChainProxy$VirtualFilterChain.doFilter(FilterChainProxy.java:374) ~[spring-security-web-6.4.5.jar!/:6.4.5]
	at org.springframework.security.web.savedrequest.RequestCacheAwareFilter.doFilter(RequestCacheAwareFilter.java:63) ~[spring-security-web-6.4.5.jar!/:6.4.5]
	at org.springframework.security.web.FilterChainProxy$VirtualFilterChain.doFilter(FilterChainProxy.java:374) ~[spring-security-web-6.4.5.jar!/:6.4.5]
	at org.springframework.security.web.authentication.www.BasicAuthenticationFilter.doFilterInternal(BasicAuthenticationFilter.java:213) ~[spring-security-web-6.4.5.jar!/:6.4.5]
	at org.springframework.web.filter.OncePerRequestFilter.doFilter(OncePerRequestFilter.java:116) ~[spring-web-6.2.6.jar!/:6.2.6]
	at org.springframework.security.web.FilterChainProxy$VirtualFilterChain.doFilter(FilterChainProxy.java:374) ~[spring-security-web-6.4.5.jar!/:6.4.5]
	at org.springframework.security.web.authentication.logout.LogoutFilter.doFilter(LogoutFilter.java:107) ~[spring-security-web-6.4.5.jar!/:6.4.5]
	at org.springframework.security.web.authentication.logout.LogoutFilter.doFilter(LogoutFilter.java:93) ~[spring-security-web-6.4.5.jar!/:6.4.5]
	at org.springframework.security.web.FilterChainProxy$VirtualFilterChain.doFilter(FilterChainProxy.java:374) ~[spring-security-web-6.4.5.jar!/:6.4.5]
	at org.springframework.security.web.header.HeaderWriterFilter.doHeadersAfter(HeaderWriterFilter.java:90) ~[spring-security-web-6.4.5.jar!/:6.4.5]
	at org.springframework.security.web.header.HeaderWriterFilter.doFilterInternal(HeaderWriterFilter.java:75) ~[spring-security-web-6.4.5.jar!/:6.4.5]
	at org.springframework.web.filter.OncePerRequestFilter.doFilter(OncePerRequestFilter.java:116) ~[spring-web-6.2.6.jar!/:6.2.6]
	at org.springframework.security.web.FilterChainProxy$VirtualFilterChain.doFilter(FilterChainProxy.java:374) ~[spring-security-web-6.4.5.jar!/:6.4.5]
	at org.springframework.security.web.context.SecurityContextHolderFilter.doFilter(SecurityContextHolderFilter.java:82) ~[spring-security-web-6.4.5.jar!/:6.4.5]
	at org.springframework.security.web.context.SecurityContextHolderFilter.doFilter(SecurityContextHolderFilter.java:69) ~[spring-security-web-6.4.5.jar!/:6.4.5]
	at org.springframework.security.web.FilterChainProxy$VirtualFilterChain.doFilter(FilterChainProxy.java:374) ~[spring-security-web-6.4.5.jar!/:6.4.5]
	at org.springframework.security.web.context.request.async.WebAsyncManagerIntegrationFilter.doFilterInternal(WebAsyncManagerIntegrationFilter.java:62) ~[spring-security-web-6.4.5.jar!/:6.4.5]
	at org.springframework.web.filter.OncePerRequestFilter.doFilter(OncePerRequestFilter.java:116) ~[spring-web-6.2.6.jar!/:6.2.6]
	at org.springframework.security.web.FilterChainProxy$VirtualFilterChain.doFilter(FilterChainProxy.java:374) ~[spring-security-web-6.4.5.jar!/:6.4.5]
	at org.springframework.security.web.session.DisableEncodeUrlFilter.doFilterInternal(DisableEncodeUrlFilter.java:42) ~[spring-security-web-6.4.5.jar!/:6.4.5]
	at org.springframework.web.filter.OncePerRequestFilter.doFilter(OncePerRequestFilter.java:116) ~[spring-web-6.2.6.jar!/:6.2.6]
	at org.springframework.security.web.FilterChainProxy$VirtualFilterChain.doFilter(FilterChainProxy.java:374) ~[spring-security-web-6.4.5.jar!/:6.4.5]
	at org.springframework.security.web.FilterChainProxy.doFilterInternal(FilterChainProxy.java:233) ~[spring-security-web-6.4.5.jar!/:6.4.5]
	at org.springframework.security.web.FilterChainProxy.doFilter(FilterChainProxy.java:191) ~[spring-security-web-6.4.5.jar!/:6.4.5]
	at org.springframework.web.filter.CompositeFilter$VirtualFilterChain.doFilter(CompositeFilter.java:113) ~[spring-web-6.2.6.jar!/:6.2.6]
	at org.springframework.web.servlet.handler.HandlerMappingIntrospector.lambda$createCacheFilter$3(HandlerMappingIntrospector.java:243) ~[spring-webmvc-6.2.6.jar!/:6.2.6]
	at org.springframework.web.filter.CompositeFilter$VirtualFilterChain.doFilter(CompositeFilter.java:113) ~[spring-web-6.2.6.jar!/:6.2.6]
	at org.springframework.web.filter.CompositeFilter.doFilter(CompositeFilter.java:74) ~[spring-web-6.2.6.jar!/:6.2.6]
	at org.springframework.security.config.annotation.web.configuration.WebMvcSecurityConfiguration$CompositeFilterChainProxy.doFilter(WebMvcSecurityConfiguration.java:238) ~[spring-security-config-6.4.5.jar!/:6.4.5]
	at org.springframework.web.filter.DelegatingFilterProxy.invokeDelegate(DelegatingFilterProxy.java:362) ~[spring-web-6.2.6.jar!/:6.2.6]
	at org.springframework.web.filter.DelegatingFilterProxy.doFilter(DelegatingFilterProxy.java:278) ~[spring-web-6.2.6.jar!/:6.2.6]
	at org.apache.catalina.core.ApplicationFilterChain.internalDoFilter(ApplicationFilterChain.java:164) ~[tomcat-embed-core-10.1.40.jar!/:na]
	at org.apache.catalina.core.ApplicationFilterChain.doFilter(ApplicationFilterChain.java:140) ~[tomcat-embed-core-10.1.40.jar!/:na]
	at org.springframework.web.filter.RequestContextFilter.doFilterInternal(RequestContextFilter.java:100) ~[spring-web-6.2.6.jar!/:6.2.6]
	at org.springframework.web.filter.OncePerRequestFilter.doFilter(OncePerRequestFilter.java:116) ~[spring-web-6.2.6.jar!/:6.2.6]
	at org.apache.catalina.core.ApplicationFilterChain.internalDoFilter(ApplicationFilterChain.java:164) ~[tomcat-embed-core-10.1.40.jar!/:na]
	at org.apache.catalina.core.ApplicationFilterChain.doFilter(ApplicationFilterChain.java:140) ~[tomcat-embed-core-10.1.40.jar!/:na]
	at org.springframework.web.filter.FormContentFilter.doFilterInternal(FormContentFilter.java:93) ~[spring-web-6.2.6.jar!/:6.2.6]
	at org.springframework.web.filter.OncePerRequestFilter.doFilter(OncePerRequestFilter.java:116) ~[spring-web-6.2.6.jar!/:6.2.6]
	at org.apache.catalina.core.ApplicationFilterChain.internalDoFilter(ApplicationFilterChain.java:164) ~[tomcat-embed-core-10.1.40.jar!/:na]
	at org.apache.catalina.core.ApplicationFilterChain.doFilter(ApplicationFilterChain.java:140) ~[tomcat-embed-core-10.1.40.jar!/:na]
	at org.springframework.web.filter.CharacterEncodingFilter.doFilterInternal(CharacterEncodingFilter.java:201) ~[spring-web-6.2.6.jar!/:6.2.6]
	at org.springframework.web.filter.OncePerRequestFilter.doFilter(OncePerRequestFilter.java:116) ~[spring-web-6.2.6.jar!/:6.2.6]
	at org.apache.catalina.core.ApplicationFilterChain.internalDoFilter(ApplicationFilterChain.java:164) ~[tomcat-embed-core-10.1.40.jar!/:na]
	at org.apache.catalina.core.ApplicationFilterChain.doFilter(ApplicationFilterChain.java:140) ~[tomcat-embed-core-10.1.40.jar!/:na]
	at org.apache.catalina.core.StandardWrapperValve.invoke(StandardWrapperValve.java:167) ~[tomcat-embed-core-10.1.40.jar!/:na]
	at org.apache.catalina.core.StandardContextValve.invoke(StandardContextValve.java:90) ~[tomcat-embed-core-10.1.40.jar!/:na]
	at org.apache.catalina.authenticator.AuthenticatorBase.invoke(AuthenticatorBase.java:483) ~[tomcat-embed-core-10.1.40.jar!/:na]
	at org.apache.catalina.core.StandardHostValve.invoke(StandardHostValve.java:116) ~[tomcat-embed-core-10.1.40.jar!/:na]
	at org.apache.catalina.valves.ErrorReportValve.invoke(ErrorReportValve.java:93) ~[tomcat-embed-core-10.1.40.jar!/:na]
	at org.apache.catalina.core.StandardEngineValve.invoke(StandardEngineValve.java:74) ~[tomcat-embed-core-10.1.40.jar!/:na]
	at org.apache.catalina.connector.CoyoteAdapter.service(CoyoteAdapter.java:344) ~[tomcat-embed-core-10.1.40.jar!/:na]
	at org.apache.coyote.http11.Http11Processor.service(Http11Processor.java:398) ~[tomcat-embed-core-10.1.40.jar!/:na]
	at org.apache.coyote.AbstractProcessorLight.process(AbstractProcessorLight.java:63) ~[tomcat-embed-core-10.1.40.jar!/:na]
	at org.apache.coyote.AbstractProtocol$ConnectionHandler.process(AbstractProtocol.java:903) ~[tomcat-embed-core-10.1.40.jar!/:na]
	at org.apache.tomcat.util.net.NioEndpoint$SocketProcessor.doRun(NioEndpoint.java:1740) ~[tomcat-embed-core-10.1.40.jar!/:na]
	at org.apache.tomcat.util.net.SocketProcessorBase.run(SocketProcessorBase.java:52) ~[tomcat-embed-core-10.1.40.jar!/:na]
	at org.apache.tomcat.util.threads.ThreadPoolExecutor.runWorker(ThreadPoolExecutor.java:1189) ~[tomcat-embed-core-10.1.40.jar!/:na]
	at org.apache.tomcat.util.threads.ThreadPoolExecutor$Worker.run(ThreadPoolExecutor.java:658) ~[tomcat-embed-core-10.1.40.jar!/:na]
	at org.apache.tomcat.util.threads.TaskThread$WrappingRunnable.run(TaskThread.java:63) ~[tomcat-embed-core-10.1.40.jar!/:na]
	at java.base/java.lang.Thread.run(Thread.java:1583) ~[na:na]
Caused by: org.opensearch.client.opensearch._types.OpenSearchException: Request failed: [search_phase_execution_exception] all shards failed
	at org.opensearch.client.transport.Endpoint.exceptionConverter(Endpoint.java:102) ~[opensearch-java-2.19.0.jar!/:na]
	at org.opensearch.client.transport.httpclient5.ApacheHttpClient5Transport.prepareResponse(ApacheHttpClient5Transport.java:547) ~[opensearch-java-2.19.0.jar!/:na]
	at org.opensearch.client.transport.httpclient5.ApacheHttpClient5Transport.lambda$performRequestAsync$0(ApacheHttpClient5Transport.java:191) ~[opensearch-java-2.19.0.jar!/:na]
	at java.base/java.util.concurrent.CompletableFuture$UniApply.tryFire(CompletableFuture.java:646) ~[na:na]
	at java.base/java.util.concurrent.CompletableFuture.postComplete(CompletableFuture.java:510) ~[na:na]
	at java.base/java.util.concurrent.CompletableFuture.complete(CompletableFuture.java:2179) ~[na:na]
	at org.opensearch.client.transport.httpclient5.ApacheHttpClient5Transport$1.completed(ApacheHttpClient5Transport.java:236) ~[opensearch-java-2.19.0.jar!/:na]
	at org.opensearch.client.transport.httpclient5.ApacheHttpClient5Transport$1.completed(ApacheHttpClient5Transport.java:225) ~[opensearch-java-2.19.0.jar!/:na]
	at org.apache.hc.core5.concurrent.BasicFuture.completed(BasicFuture.java:148) ~[httpcore5-5.3.4.jar!/:5.3.4]
	at org.apache.hc.core5.concurrent.ComplexFuture.completed(ComplexFuture.java:72) ~[httpcore5-5.3.4.jar!/:5.3.4]
	at org.apache.hc.client5.http.impl.async.InternalAbstractHttpAsyncClient$2$1.completed(InternalAbstractHttpAsyncClient.java:318) ~[httpclient5-5.4.3.jar!/:5.4.3]
	at org.apache.hc.core5.http.nio.support.AbstractAsyncResponseConsumer$1.completed(AbstractAsyncResponseConsumer.java:101) ~[httpcore5-5.3.4.jar!/:5.3.4]
	at org.apache.hc.core5.http.nio.entity.AbstractBinAsyncEntityConsumer.completed(AbstractBinAsyncEntityConsumer.java:87) ~[httpcore5-5.3.4.jar!/:5.3.4]
	at org.apache.hc.core5.http.nio.entity.AbstractBinDataConsumer.streamEnd(AbstractBinDataConsumer.java:83) ~[httpcore5-5.3.4.jar!/:5.3.4]
	at org.apache.hc.core5.http.nio.support.AbstractAsyncResponseConsumer.streamEnd(AbstractAsyncResponseConsumer.java:142) ~[httpcore5-5.3.4.jar!/:5.3.4]
	at org.apache.hc.client5.http.impl.async.HttpAsyncMainClientExec$1.streamEnd(HttpAsyncMainClientExec.java:283) ~[httpclient5-5.4.3.jar!/:5.4.3]
	at org.apache.hc.core5.http2.impl.nio.ClientH2StreamHandler.consumeData(ClientH2StreamHandler.java:242) ~[httpcore5-h2-5.3.4.jar!/:5.3.4]
	at org.apache.hc.core5.http2.impl.nio.AbstractH2StreamMultiplexer$H2Stream.consumeData(AbstractH2StreamMultiplexer.java:1645) ~[httpcore5-h2-5.3.4.jar!/:5.3.4]
	at org.apache.hc.core5.http2.impl.nio.AbstractH2StreamMultiplexer.consumeDataFrame(AbstractH2StreamMultiplexer.java:1049) ~[httpcore5-h2-5.3.4.jar!/:5.3.4]
	at org.apache.hc.core5.http2.impl.nio.AbstractH2StreamMultiplexer.consumeFrame(AbstractH2StreamMultiplexer.java:738) ~[httpcore5-h2-5.3.4.jar!/:5.3.4]
	at org.apache.hc.core5.http2.impl.nio.AbstractH2StreamMultiplexer.onInput(AbstractH2StreamMultiplexer.java:447) ~[httpcore5-h2-5.3.4.jar!/:5.3.4]
	at org.apache.hc.core5.http2.impl.nio.AbstractH2IOEventHandler.inputReady(AbstractH2IOEventHandler.java:65) ~[httpcore5-h2-5.3.4.jar!/:5.3.4]
	at org.apache.hc.core5.http2.impl.nio.ClientH2IOEventHandler.inputReady(ClientH2IOEventHandler.java:39) ~[httpcore5-h2-5.3.4.jar!/:5.3.4]
	at org.apache.hc.core5.reactor.ssl.SSLIOSession.decryptData(SSLIOSession.java:618) ~[httpcore5-5.3.4.jar!/:5.3.4]
	at org.apache.hc.core5.reactor.ssl.SSLIOSession.access$200(SSLIOSession.java:74) ~[httpcore5-5.3.4.jar!/:5.3.4]
	at org.apache.hc.core5.reactor.ssl.SSLIOSession$1.inputReady(SSLIOSession.java:204) ~[httpcore5-5.3.4.jar!/:5.3.4]
	at org.apache.hc.core5.reactor.InternalDataChannel.onIOEvent(InternalDataChannel.java:143) ~[httpcore5-5.3.4.jar!/:5.3.4]
	at org.apache.hc.core5.reactor.InternalChannel.handleIOEvent(InternalChannel.java:51) ~[httpcore5-5.3.4.jar!/:5.3.4]
	at org.apache.hc.core5.reactor.SingleCoreIOReactor.processEvents(SingleCoreIOReactor.java:176) ~[httpcore5-5.3.4.jar!/:5.3.4]
	at org.apache.hc.core5.reactor.SingleCoreIOReactor.doExecute(SingleCoreIOReactor.java:125) ~[httpcore5-5.3.4.jar!/:5.3.4]
	at org.apache.hc.core5.reactor.AbstractSingleCoreIOReactor.execute(AbstractSingleCoreIOReactor.java:92) ~[httpcore5-5.3.4.jar!/:5.3.4]
	at org.apache.hc.core5.reactor.IOReactorWorker.run(IOReactorWorker.java:44) ~[httpcore5-5.3.4.jar!/:5.3.4]
	... 1 common frames omitted

2026-03-23T17:01:06.160+08:00 DEBUG 86664 --- [DocumentManagement] [nio-8080-exec-7] o.s.security.web.FilterChainProxy        : Securing GET /api/dashboard/my-tasks
2026-03-23T17:01:06.178+08:00 DEBUG 86664 --- [DocumentManagement] [nio-8080-exec-7] o.s.s.a.dao.DaoAuthenticationProvider    : Authenticated user
2026-03-23T17:01:06.179+08:00 DEBUG 86664 --- [DocumentManagement] [nio-8080-exec-7] o.s.s.w.a.www.BasicAuthenticationFilter  : Set SecurityContextHolder to UsernamePasswordAuthenticationToken [Principal=org.springframework.security.core.userdetails.User [Username=gloria, Password=[PROTECTED], Enabled=true, AccountNonExpired=true, CredentialsNonExpired=true, AccountNonLocked=true, Granted Authorities=[ROLE_SYS_ADMIN]], Credentials=[PROTECTED], Authenticated=true, Details=WebAuthenticationDetails [RemoteIpAddress=0:0:0:0:0:0:0:1, SessionId=null], Granted Authorities=[ROLE_SYS_ADMIN]]
2026-03-23T17:01:06.180+08:00 DEBUG 86664 --- [DocumentManagement] [nio-8080-exec-7] o.s.security.web.FilterChainProxy        : Secured GET /api/dashboard/my-tasks
2026-03-23T17:01:06.203+08:00 ERROR 86664 --- [DocumentManagement] [nio-8080-exec-7] c.dms.exception.GlobalExceptionHandler   : Unhandled exception

org.opensearch.client.opensearch._types.OpenSearchException: Request failed: [search_phase_execution_exception] all shards failed
	at org.opensearch.client.transport.httpclient5.ApacheHttpClient5Transport.extractAndWrapCause(ApacheHttpClient5Transport.java:1153) ~[opensearch-java-2.19.0.jar!/:na]
	at org.opensearch.client.transport.httpclient5.ApacheHttpClient5Transport.performRequest(ApacheHttpClient5Transport.java:158) ~[opensearch-java-2.19.0.jar!/:na]
	at org.opensearch.client.opensearch.OpenSearchClient.search(OpenSearchClient.java:1386) ~[opensearch-java-2.19.0.jar!/:na]
	at com.dms.repository.BaseOpenSearchRepository.search(BaseOpenSearchRepository.java:154) ~[!/:0.0.1-SNAPSHOT]
	at com.dms.task.repository.UserTaskRepository.searchSafely(UserTaskRepository.java:91) ~[!/:0.0.1-SNAPSHOT]
	at com.dms.task.repository.UserTaskRepository.findByAssigneeUsernameIgnoreCaseOrderByDueDateAsc(UserTaskRepository.java:59) ~[!/:0.0.1-SNAPSHOT]
	at java.base/jdk.internal.reflect.DirectMethodHandleAccessor.invoke(DirectMethodHandleAccessor.java:103) ~[na:na]
	at java.base/java.lang.reflect.Method.invoke(Method.java:580) ~[na:na]
	at org.springframework.aop.support.AopUtils.invokeJoinpointUsingReflection(AopUtils.java:359) ~[spring-aop-6.2.6.jar!/:6.2.6]
	at org.springframework.aop.framework.ReflectiveMethodInvocation.invokeJoinpoint(ReflectiveMethodInvocation.java:196) ~[spring-aop-6.2.6.jar!/:6.2.6]
	at org.springframework.aop.framework.ReflectiveMethodInvocation.proceed(ReflectiveMethodInvocation.java:163) ~[spring-aop-6.2.6.jar!/:6.2.6]
	at org.springframework.dao.support.PersistenceExceptionTranslationInterceptor.invoke(PersistenceExceptionTranslationInterceptor.java:138) ~[spring-tx-6.2.6.jar!/:6.2.6]
	at org.springframework.aop.framework.ReflectiveMethodInvocation.proceed(ReflectiveMethodInvocation.java:184) ~[spring-aop-6.2.6.jar!/:6.2.6]
	at org.springframework.aop.framework.CglibAopProxy$DynamicAdvisedInterceptor.intercept(CglibAopProxy.java:728) ~[spring-aop-6.2.6.jar!/:6.2.6]
	at com.dms.task.repository.UserTaskRepository$$SpringCGLIB$$0.findByAssigneeUsernameIgnoreCaseOrderByDueDateAsc(<generated>) ~[!/:0.0.1-SNAPSHOT]
	at com.dms.task.service.UserDashboardService.buildDashboardFor(UserDashboardService.java:31) ~[!/:0.0.1-SNAPSHOT]
	at java.base/jdk.internal.reflect.DirectMethodHandleAccessor.invoke(DirectMethodHandleAccessor.java:103) ~[na:na]
	at java.base/java.lang.reflect.Method.invoke(Method.java:580) ~[na:na]
	at org.springframework.aop.support.AopUtils.invokeJoinpointUsingReflection(AopUtils.java:359) ~[spring-aop-6.2.6.jar!/:6.2.6]
	at org.springframework.aop.framework.ReflectiveMethodInvocation.invokeJoinpoint(ReflectiveMethodInvocation.java:196) ~[spring-aop-6.2.6.jar!/:6.2.6]
	at org.springframework.aop.framework.ReflectiveMethodInvocation.proceed(ReflectiveMethodInvocation.java:163) ~[spring-aop-6.2.6.jar!/:6.2.6]
	at org.springframework.transaction.interceptor.TransactionAspectSupport.invokeWithinTransaction(TransactionAspectSupport.java:380) ~[spring-tx-6.2.6.jar!/:6.2.6]
	at org.springframework.transaction.interceptor.TransactionInterceptor.invoke(TransactionInterceptor.java:119) ~[spring-tx-6.2.6.jar!/:6.2.6]
	at org.springframework.aop.framework.ReflectiveMethodInvocation.proceed(ReflectiveMethodInvocation.java:184) ~[spring-aop-6.2.6.jar!/:6.2.6]
	at org.springframework.aop.framework.CglibAopProxy$DynamicAdvisedInterceptor.intercept(CglibAopProxy.java:728) ~[spring-aop-6.2.6.jar!/:6.2.6]
	at com.dms.task.service.UserDashboardService$$SpringCGLIB$$0.buildDashboardFor(<generated>) ~[!/:0.0.1-SNAPSHOT]
	at com.dms.task.controller.UserDashboardController.currentUserTasks(UserDashboardController.java:29) ~[!/:0.0.1-SNAPSHOT]
	at java.base/jdk.internal.reflect.DirectMethodHandleAccessor.invoke(DirectMethodHandleAccessor.java:103) ~[na:na]
	at java.base/java.lang.reflect.Method.invoke(Method.java:580) ~[na:na]
	at org.springframework.web.method.support.InvocableHandlerMethod.doInvoke(InvocableHandlerMethod.java:258) ~[spring-web-6.2.6.jar!/:6.2.6]
	at org.springframework.web.method.support.InvocableHandlerMethod.invokeForRequest(InvocableHandlerMethod.java:191) ~[spring-web-6.2.6.jar!/:6.2.6]
	at org.springframework.web.servlet.mvc.method.annotation.ServletInvocableHandlerMethod.invokeAndHandle(ServletInvocableHandlerMethod.java:118) ~[spring-webmvc-6.2.6.jar!/:6.2.6]
	at org.springframework.web.servlet.mvc.method.annotation.RequestMappingHandlerAdapter.invokeHandlerMethod(RequestMappingHandlerAdapter.java:986) ~[spring-webmvc-6.2.6.jar!/:6.2.6]
	at org.springframework.web.servlet.mvc.method.annotation.RequestMappingHandlerAdapter.handleInternal(RequestMappingHandlerAdapter.java:891) ~[spring-webmvc-6.2.6.jar!/:6.2.6]
	at org.springframework.web.servlet.mvc.method.AbstractHandlerMethodAdapter.handle(AbstractHandlerMethodAdapter.java:87) ~[spring-webmvc-6.2.6.jar!/:6.2.6]
	at org.springframework.web.servlet.DispatcherServlet.doDispatch(DispatcherServlet.java:1089) ~[spring-webmvc-6.2.6.jar!/:6.2.6]
	at org.springframework.web.servlet.DispatcherServlet.doService(DispatcherServlet.java:979) ~[spring-webmvc-6.2.6.jar!/:6.2.6]
	at org.springframework.web.servlet.FrameworkServlet.processRequest(FrameworkServlet.java:1014) ~[spring-webmvc-6.2.6.jar!/:6.2.6]
	at org.springframework.web.servlet.FrameworkServlet.doGet(FrameworkServlet.java:903) ~[spring-webmvc-6.2.6.jar!/:6.2.6]
	at jakarta.servlet.http.HttpServlet.service(HttpServlet.java:564) ~[tomcat-embed-core-10.1.40.jar!/:na]
	at org.springframework.web.servlet.FrameworkServlet.service(FrameworkServlet.java:885) ~[spring-webmvc-6.2.6.jar!/:6.2.6]
	at jakarta.servlet.http.HttpServlet.service(HttpServlet.java:658) ~[tomcat-embed-core-10.1.40.jar!/:na]
	at org.apache.catalina.core.ApplicationFilterChain.internalDoFilter(ApplicationFilterChain.java:195) ~[tomcat-embed-core-10.1.40.jar!/:na]
	at org.apache.catalina.core.ApplicationFilterChain.doFilter(ApplicationFilterChain.java:140) ~[tomcat-embed-core-10.1.40.jar!/:na]
	at org.apache.tomcat.websocket.server.WsFilter.doFilter(WsFilter.java:51) ~[tomcat-embed-websocket-10.1.40.jar!/:na]
	at org.apache.catalina.core.ApplicationFilterChain.internalDoFilter(ApplicationFilterChain.java:164) ~[tomcat-embed-core-10.1.40.jar!/:na]
	at org.apache.catalina.core.ApplicationFilterChain.doFilter(ApplicationFilterChain.java:140) ~[tomcat-embed-core-10.1.40.jar!/:na]
	at org.springframework.web.filter.CompositeFilter$VirtualFilterChain.doFilter(CompositeFilter.java:108) ~[spring-web-6.2.6.jar!/:6.2.6]
	at org.springframework.security.web.FilterChainProxy.lambda$doFilterInternal$3(FilterChainProxy.java:231) ~[spring-security-web-6.4.5.jar!/:6.4.5]
	at org.springframework.security.web.FilterChainProxy$VirtualFilterChain.doFilter(FilterChainProxy.java:365) ~[spring-security-web-6.4.5.jar!/:6.4.5]
	at org.springframework.security.web.access.intercept.AuthorizationFilter.doFilter(AuthorizationFilter.java:101) ~[spring-security-web-6.4.5.jar!/:6.4.5]
	at org.springframework.security.web.FilterChainProxy$VirtualFilterChain.doFilter(FilterChainProxy.java:374) ~[spring-security-web-6.4.5.jar!/:6.4.5]
	at org.springframework.security.web.access.ExceptionTranslationFilter.doFilter(ExceptionTranslationFilter.java:126) ~[spring-security-web-6.4.5.jar!/:6.4.5]
	at org.springframework.security.web.access.ExceptionTranslationFilter.doFilter(ExceptionTranslationFilter.java:120) ~[spring-security-web-6.4.5.jar!/:6.4.5]
	at org.springframework.security.web.FilterChainProxy$VirtualFilterChain.doFilter(FilterChainProxy.java:374) ~[spring-security-web-6.4.5.jar!/:6.4.5]
	at org.springframework.security.web.authentication.AnonymousAuthenticationFilter.doFilter(AnonymousAuthenticationFilter.java:100) ~[spring-security-web-6.4.5.jar!/:6.4.5]
	at org.springframework.security.web.FilterChainProxy$VirtualFilterChain.doFilter(FilterChainProxy.java:374) ~[spring-security-web-6.4.5.jar!/:6.4.5]
	at org.springframework.security.web.servletapi.SecurityContextHolderAwareRequestFilter.doFilter(SecurityContextHolderAwareRequestFilter.java:179) ~[spring-security-web-6.4.5.jar!/:6.4.5]
	at org.springframework.security.web.FilterChainProxy$VirtualFilterChain.doFilter(FilterChainProxy.java:374) ~[spring-security-web-6.4.5.jar!/:6.4.5]
	at org.springframework.security.web.savedrequest.RequestCacheAwareFilter.doFilter(RequestCacheAwareFilter.java:63) ~[spring-security-web-6.4.5.jar!/:6.4.5]
	at org.springframework.security.web.FilterChainProxy$VirtualFilterChain.doFilter(FilterChainProxy.java:374) ~[spring-security-web-6.4.5.jar!/:6.4.5]
	at org.springframework.security.web.authentication.www.BasicAuthenticationFilter.doFilterInternal(BasicAuthenticationFilter.java:213) ~[spring-security-web-6.4.5.jar!/:6.4.5]
	at org.springframework.web.filter.OncePerRequestFilter.doFilter(OncePerRequestFilter.java:116) ~[spring-web-6.2.6.jar!/:6.2.6]
	at org.springframework.security.web.FilterChainProxy$VirtualFilterChain.doFilter(FilterChainProxy.java:374) ~[spring-security-web-6.4.5.jar!/:6.4.5]
	at org.springframework.security.web.authentication.logout.LogoutFilter.doFilter(LogoutFilter.java:107) ~[spring-security-web-6.4.5.jar!/:6.4.5]
	at org.springframework.security.web.authentication.logout.LogoutFilter.doFilter(LogoutFilter.java:93) ~[spring-security-web-6.4.5.jar!/:6.4.5]
	at org.springframework.security.web.FilterChainProxy$VirtualFilterChain.doFilter(FilterChainProxy.java:374) ~[spring-security-web-6.4.5.jar!/:6.4.5]
	at org.springframework.security.web.header.HeaderWriterFilter.doHeadersAfter(HeaderWriterFilter.java:90) ~[spring-security-web-6.4.5.jar!/:6.4.5]
	at org.springframework.security.web.header.HeaderWriterFilter.doFilterInternal(HeaderWriterFilter.java:75) ~[spring-security-web-6.4.5.jar!/:6.4.5]
	at org.springframework.web.filter.OncePerRequestFilter.doFilter(OncePerRequestFilter.java:116) ~[spring-web-6.2.6.jar!/:6.2.6]
	at org.springframework.security.web.FilterChainProxy$VirtualFilterChain.doFilter(FilterChainProxy.java:374) ~[spring-security-web-6.4.5.jar!/:6.4.5]
	at org.springframework.security.web.context.SecurityContextHolderFilter.doFilter(SecurityContextHolderFilter.java:82) ~[spring-security-web-6.4.5.jar!/:6.4.5]
	at org.springframework.security.web.context.SecurityContextHolderFilter.doFilter(SecurityContextHolderFilter.java:69) ~[spring-security-web-6.4.5.jar!/:6.4.5]
	at org.springframework.security.web.FilterChainProxy$VirtualFilterChain.doFilter(FilterChainProxy.java:374) ~[spring-security-web-6.4.5.jar!/:6.4.5]
	at org.springframework.security.web.context.request.async.WebAsyncManagerIntegrationFilter.doFilterInternal(WebAsyncManagerIntegrationFilter.java:62) ~[spring-security-web-6.4.5.jar!/:6.4.5]
	at org.springframework.web.filter.OncePerRequestFilter.doFilter(OncePerRequestFilter.java:116) ~[spring-web-6.2.6.jar!/:6.2.6]
	at org.springframework.security.web.FilterChainProxy$VirtualFilterChain.doFilter(FilterChainProxy.java:374) ~[spring-security-web-6.4.5.jar!/:6.4.5]
	at org.springframework.security.web.session.DisableEncodeUrlFilter.doFilterInternal(DisableEncodeUrlFilter.java:42) ~[spring-security-web-6.4.5.jar!/:6.4.5]
	at org.springframework.web.filter.OncePerRequestFilter.doFilter(OncePerRequestFilter.java:116) ~[spring-web-6.2.6.jar!/:6.2.6]
	at org.springframework.security.web.FilterChainProxy$VirtualFilterChain.doFilter(FilterChainProxy.java:374) ~[spring-security-web-6.4.5.jar!/:6.4.5]
	at org.springframework.security.web.FilterChainProxy.doFilterInternal(FilterChainProxy.java:233) ~[spring-security-web-6.4.5.jar!/:6.4.5]
	at org.springframework.security.web.FilterChainProxy.doFilter(FilterChainProxy.java:191) ~[spring-security-web-6.4.5.jar!/:6.4.5]
	at org.springframework.web.filter.CompositeFilter$VirtualFilterChain.doFilter(CompositeFilter.java:113) ~[spring-web-6.2.6.jar!/:6.2.6]
	at org.springframework.web.servlet.handler.HandlerMappingIntrospector.lambda$createCacheFilter$3(HandlerMappingIntrospector.java:243) ~[spring-webmvc-6.2.6.jar!/:6.2.6]
	at org.springframework.web.filter.CompositeFilter$VirtualFilterChain.doFilter(CompositeFilter.java:113) ~[spring-web-6.2.6.jar!/:6.2.6]
	at org.springframework.web.filter.CompositeFilter.doFilter(CompositeFilter.java:74) ~[spring-web-6.2.6.jar!/:6.2.6]
	at org.springframework.security.config.annotation.web.configuration.WebMvcSecurityConfiguration$CompositeFilterChainProxy.doFilter(WebMvcSecurityConfiguration.java:238) ~[spring-security-config-6.4.5.jar!/:6.4.5]
	at org.springframework.web.filter.DelegatingFilterProxy.invokeDelegate(DelegatingFilterProxy.java:362) ~[spring-web-6.2.6.jar!/:6.2.6]
	at org.springframework.web.filter.DelegatingFilterProxy.doFilter(DelegatingFilterProxy.java:278) ~[spring-web-6.2.6.jar!/:6.2.6]
	at org.apache.catalina.core.ApplicationFilterChain.internalDoFilter(ApplicationFilterChain.java:164) ~[tomcat-embed-core-10.1.40.jar!/:na]
	at org.apache.catalina.core.ApplicationFilterChain.doFilter(ApplicationFilterChain.java:140) ~[tomcat-embed-core-10.1.40.jar!/:na]
	at org.springframework.web.filter.RequestContextFilter.doFilterInternal(RequestContextFilter.java:100) ~[spring-web-6.2.6.jar!/:6.2.6]
	at org.springframework.web.filter.OncePerRequestFilter.doFilter(OncePerRequestFilter.java:116) ~[spring-web-6.2.6.jar!/:6.2.6]
	at org.apache.catalina.core.ApplicationFilterChain.internalDoFilter(ApplicationFilterChain.java:164) ~[tomcat-embed-core-10.1.40.jar!/:na]
	at org.apache.catalina.core.ApplicationFilterChain.doFilter(ApplicationFilterChain.java:140) ~[tomcat-embed-core-10.1.40.jar!/:na]
	at org.springframework.web.filter.FormContentFilter.doFilterInternal(FormContentFilter.java:93) ~[spring-web-6.2.6.jar!/:6.2.6]
	at org.springframework.web.filter.OncePerRequestFilter.doFilter(OncePerRequestFilter.java:116) ~[spring-web-6.2.6.jar!/:6.2.6]
	at org.apache.catalina.core.ApplicationFilterChain.internalDoFilter(ApplicationFilterChain.java:164) ~[tomcat-embed-core-10.1.40.jar!/:na]
	at org.apache.catalina.core.ApplicationFilterChain.doFilter(ApplicationFilterChain.java:140) ~[tomcat-embed-core-10.1.40.jar!/:na]
	at org.springframework.web.filter.CharacterEncodingFilter.doFilterInternal(CharacterEncodingFilter.java:201) ~[spring-web-6.2.6.jar!/:6.2.6]
	at org.springframework.web.filter.OncePerRequestFilter.doFilter(OncePerRequestFilter.java:116) ~[spring-web-6.2.6.jar!/:6.2.6]
	at org.apache.catalina.core.ApplicationFilterChain.internalDoFilter(ApplicationFilterChain.java:164) ~[tomcat-embed-core-10.1.40.jar!/:na]
	at org.apache.catalina.core.ApplicationFilterChain.doFilter(ApplicationFilterChain.java:140) ~[tomcat-embed-core-10.1.40.jar!/:na]
	at org.apache.catalina.core.StandardWrapperValve.invoke(StandardWrapperValve.java:167) ~[tomcat-embed-core-10.1.40.jar!/:na]
	at org.apache.catalina.core.StandardContextValve.invoke(StandardContextValve.java:90) ~[tomcat-embed-core-10.1.40.jar!/:na]
	at org.apache.catalina.authenticator.AuthenticatorBase.invoke(AuthenticatorBase.java:483) ~[tomcat-embed-core-10.1.40.jar!/:na]
	at org.apache.catalina.core.StandardHostValve.invoke(StandardHostValve.java:116) ~[tomcat-embed-core-10.1.40.jar!/:na]
	at org.apache.catalina.valves.ErrorReportValve.invoke(ErrorReportValve.java:93) ~[tomcat-embed-core-10.1.40.jar!/:na]
	at org.apache.catalina.core.StandardEngineValve.invoke(StandardEngineValve.java:74) ~[tomcat-embed-core-10.1.40.jar!/:na]
	at org.apache.catalina.connector.CoyoteAdapter.service(CoyoteAdapter.java:344) ~[tomcat-embed-core-10.1.40.jar!/:na]
	at org.apache.coyote.http11.Http11Processor.service(Http11Processor.java:398) ~[tomcat-embed-core-10.1.40.jar!/:na]
	at org.apache.coyote.AbstractProcessorLight.process(AbstractProcessorLight.java:63) ~[tomcat-embed-core-10.1.40.jar!/:na]
	at org.apache.coyote.AbstractProtocol$ConnectionHandler.process(AbstractProtocol.java:903) ~[tomcat-embed-core-10.1.40.jar!/:na]
	at org.apache.tomcat.util.net.NioEndpoint$SocketProcessor.doRun(NioEndpoint.java:1740) ~[tomcat-embed-core-10.1.40.jar!/:na]
	at org.apache.tomcat.util.net.SocketProcessorBase.run(SocketProcessorBase.java:52) ~[tomcat-embed-core-10.1.40.jar!/:na]
	at org.apache.tomcat.util.threads.ThreadPoolExecutor.runWorker(ThreadPoolExecutor.java:1189) ~[tomcat-embed-core-10.1.40.jar!/:na]
	at org.apache.tomcat.util.threads.ThreadPoolExecutor$Worker.run(ThreadPoolExecutor.java:658) ~[tomcat-embed-core-10.1.40.jar!/:na]
	at org.apache.tomcat.util.threads.TaskThread$WrappingRunnable.run(TaskThread.java:63) ~[tomcat-embed-core-10.1.40.jar!/:na]
	at java.base/java.lang.Thread.run(Thread.java:1583) ~[na:na]
Caused by: org.opensearch.client.opensearch._types.OpenSearchException: Request failed: [search_phase_execution_exception] all shards failed
	at org.opensearch.client.transport.Endpoint.exceptionConverter(Endpoint.java:102) ~[opensearch-java-2.19.0.jar!/:na]
	at org.opensearch.client.transport.httpclient5.ApacheHttpClient5Transport.prepareResponse(ApacheHttpClient5Transport.java:547) ~[opensearch-java-2.19.0.jar!/:na]
	at org.opensearch.client.transport.httpclient5.ApacheHttpClient5Transport.lambda$performRequestAsync$0(ApacheHttpClient5Transport.java:191) ~[opensearch-java-2.19.0.jar!/:na]
	at java.base/java.util.concurrent.CompletableFuture$UniApply.tryFire(CompletableFuture.java:646) ~[na:na]
	at java.base/java.util.concurrent.CompletableFuture.postComplete(CompletableFuture.java:510) ~[na:na]
	at java.base/java.util.concurrent.CompletableFuture.complete(CompletableFuture.java:2179) ~[na:na]
	at org.opensearch.client.transport.httpclient5.ApacheHttpClient5Transport$1.completed(ApacheHttpClient5Transport.java:236) ~[opensearch-java-2.19.0.jar!/:na]
	at org.opensearch.client.transport.httpclient5.ApacheHttpClient5Transport$1.completed(ApacheHttpClient5Transport.java:225) ~[opensearch-java-2.19.0.jar!/:na]
	at org.apache.hc.core5.concurrent.BasicFuture.completed(BasicFuture.java:148) ~[httpcore5-5.3.4.jar!/:5.3.4]
	at org.apache.hc.core5.concurrent.ComplexFuture.completed(ComplexFuture.java:72) ~[httpcore5-5.3.4.jar!/:5.3.4]
	at org.apache.hc.client5.http.impl.async.InternalAbstractHttpAsyncClient$2$1.completed(InternalAbstractHttpAsyncClient.java:318) ~[httpclient5-5.4.3.jar!/:5.4.3]
	at org.apache.hc.core5.http.nio.support.AbstractAsyncResponseConsumer$1.completed(AbstractAsyncResponseConsumer.java:101) ~[httpcore5-5.3.4.jar!/:5.3.4]
	at org.apache.hc.core5.http.nio.entity.AbstractBinAsyncEntityConsumer.completed(AbstractBinAsyncEntityConsumer.java:87) ~[httpcore5-5.3.4.jar!/:5.3.4]
	at org.apache.hc.core5.http.nio.entity.AbstractBinDataConsumer.streamEnd(AbstractBinDataConsumer.java:83) ~[httpcore5-5.3.4.jar!/:5.3.4]
	at org.apache.hc.core5.http.nio.support.AbstractAsyncResponseConsumer.streamEnd(AbstractAsyncResponseConsumer.java:142) ~[httpcore5-5.3.4.jar!/:5.3.4]
	at org.apache.hc.client5.http.impl.async.HttpAsyncMainClientExec$1.streamEnd(HttpAsyncMainClientExec.java:283) ~[httpclient5-5.4.3.jar!/:5.4.3]
	at org.apache.hc.core5.http2.impl.nio.ClientH2StreamHandler.consumeData(ClientH2StreamHandler.java:242) ~[httpcore5-h2-5.3.4.jar!/:5.3.4]
	at org.apache.hc.core5.http2.impl.nio.AbstractH2StreamMultiplexer$H2Stream.consumeData(AbstractH2StreamMultiplexer.java:1645) ~[httpcore5-h2-5.3.4.jar!/:5.3.4]
	at org.apache.hc.core5.http2.impl.nio.AbstractH2StreamMultiplexer.consumeDataFrame(AbstractH2StreamMultiplexer.java:1049) ~[httpcore5-h2-5.3.4.jar!/:5.3.4]
	at org.apache.hc.core5.http2.impl.nio.AbstractH2StreamMultiplexer.consumeFrame(AbstractH2StreamMultiplexer.java:738) ~[httpcore5-h2-5.3.4.jar!/:5.3.4]
	at org.apache.hc.core5.http2.impl.nio.AbstractH2StreamMultiplexer.onInput(AbstractH2StreamMultiplexer.java:447) ~[httpcore5-h2-5.3.4.jar!/:5.3.4]
	at org.apache.hc.core5.http2.impl.nio.AbstractH2IOEventHandler.inputReady(AbstractH2IOEventHandler.java:65) ~[httpcore5-h2-5.3.4.jar!/:5.3.4]
	at org.apache.hc.core5.http2.impl.nio.ClientH2IOEventHandler.inputReady(ClientH2IOEventHandler.java:39) ~[httpcore5-h2-5.3.4.jar!/:5.3.4]
	at org.apache.hc.core5.reactor.ssl.SSLIOSession.decryptData(SSLIOSession.java:618) ~[httpcore5-5.3.4.jar!/:5.3.4]
	at org.apache.hc.core5.reactor.ssl.SSLIOSession.access$200(SSLIOSession.java:74) ~[httpcore5-5.3.4.jar!/:5.3.4]
	at org.apache.hc.core5.reactor.ssl.SSLIOSession$1.inputReady(SSLIOSession.java:204) ~[httpcore5-5.3.4.jar!/:5.3.4]
	at org.apache.hc.core5.reactor.InternalDataChannel.onIOEvent(InternalDataChannel.java:143) ~[httpcore5-5.3.4.jar!/:5.3.4]
	at org.apache.hc.core5.reactor.InternalChannel.handleIOEvent(InternalChannel.java:51) ~[httpcore5-5.3.4.jar!/:5.3.4]
	at org.apache.hc.core5.reactor.SingleCoreIOReactor.processEvents(SingleCoreIOReactor.java:176) ~[httpcore5-5.3.4.jar!/:5.3.4]
	at org.apache.hc.core5.reactor.SingleCoreIOReactor.doExecute(SingleCoreIOReactor.java:125) ~[httpcore5-5.3.4.jar!/:5.3.4]
	at org.apache.hc.core5.reactor.AbstractSingleCoreIOReactor.execute(AbstractSingleCoreIOReactor.java:92) ~[httpcore5-5.3.4.jar!/:5.3.4]
	at org.apache.hc.core5.reactor.IOReactorWorker.run(IOReactorWorker.java:44) ~[httpcore5-5.3.4.jar!/:5.3.4]
	... 1 common frames omitted

2026-03-23T17:01:07.178+08:00 DEBUG 86664 --- [DocumentManagement] [nio-8080-exec-9] o.s.security.web.FilterChainProxy        : Securing GET /api/admin/users
2026-03-23T17:01:07.178+08:00 DEBUG 86664 --- [DocumentManagement] [io-8080-exec-10] o.s.security.web.FilterChainProxy        : Securing GET /api/admin/groups
2026-03-23T17:01:07.195+08:00 DEBUG 86664 --- [DocumentManagement] [io-8080-exec-10] o.s.s.a.dao.DaoAuthenticationProvider    : Authenticated user
2026-03-23T17:01:07.195+08:00 DEBUG 86664 --- [DocumentManagement] [nio-8080-exec-9] o.s.s.a.dao.DaoAuthenticationProvider    : Authenticated user
2026-03-23T17:01:07.196+08:00 DEBUG 86664 --- [DocumentManagement] [io-8080-exec-10] o.s.s.w.a.www.BasicAuthenticationFilter  : Set SecurityContextHolder to UsernamePasswordAuthenticationToken [Principal=org.springframework.security.core.userdetails.User [Username=gloria, Password=[PROTECTED], Enabled=true, AccountNonExpired=true, CredentialsNonExpired=true, AccountNonLocked=true, Granted Authorities=[ROLE_SYS_ADMIN]], Credentials=[PROTECTED], Authenticated=true, Details=WebAuthenticationDetails [RemoteIpAddress=0:0:0:0:0:0:0:1, SessionId=null], Granted Authorities=[ROLE_SYS_ADMIN]]
2026-03-23T17:01:07.197+08:00 DEBUG 86664 --- [DocumentManagement] [nio-8080-exec-9] o.s.s.w.a.www.BasicAuthenticationFilter  : Set SecurityContextHolder to UsernamePasswordAuthenticationToken [Principal=org.springframework.security.core.userdetails.User [Username=gloria, Password=[PROTECTED], Enabled=true, AccountNonExpired=true, CredentialsNonExpired=true, AccountNonLocked=true, Granted Authorities=[ROLE_SYS_ADMIN]], Credentials=[PROTECTED], Authenticated=true, Details=WebAuthenticationDetails [RemoteIpAddress=0:0:0:0:0:0:0:1, SessionId=null], Granted Authorities=[ROLE_SYS_ADMIN]]
2026-03-23T17:01:07.197+08:00 DEBUG 86664 --- [DocumentManagement] [io-8080-exec-10] o.s.security.web.FilterChainProxy        : Secured GET /api/admin/groups
2026-03-23T17:01:07.198+08:00 DEBUG 86664 --- [DocumentManagement] [nio-8080-exec-9] o.s.security.web.FilterChainProxy        : Secured GET /api/admin/users
2026-03-23T17:01:07.256+08:00 DEBUG 86664 --- [DocumentManagement] [nio-8080-exec-8] o.s.security.web.FilterChainProxy        : Securing GET /api/admin/groups
2026-03-23T17:01:07.264+08:00 DEBUG 86664 --- [DocumentManagement] [nio-8080-exec-1] o.s.security.web.FilterChainProxy        : Securing GET /api/admin/users
2026-03-23T17:01:07.273+08:00 DEBUG 86664 --- [DocumentManagement] [nio-8080-exec-8] o.s.s.a.dao.DaoAuthenticationProvider    : Authenticated user
2026-03-23T17:01:07.273+08:00 DEBUG 86664 --- [DocumentManagement] [nio-8080-exec-8] o.s.s.w.a.www.BasicAuthenticationFilter  : Set SecurityContextHolder to UsernamePasswordAuthenticationToken [Principal=org.springframework.security.core.userdetails.User [Username=gloria, Password=[PROTECTED], Enabled=true, AccountNonExpired=true, CredentialsNonExpired=true, AccountNonLocked=true, Granted Authorities=[ROLE_SYS_ADMIN]], Credentials=[PROTECTED], Authenticated=true, Details=WebAuthenticationDetails [RemoteIpAddress=0:0:0:0:0:0:0:1, SessionId=null], Granted Authorities=[ROLE_SYS_ADMIN]]
2026-03-23T17:01:07.274+08:00 DEBUG 86664 --- [DocumentManagement] [nio-8080-exec-8] o.s.security.web.FilterChainProxy        : Secured GET /api/admin/groups
2026-03-23T17:01:07.283+08:00 DEBUG 86664 --- [DocumentManagement] [nio-8080-exec-1] o.s.s.a.dao.DaoAuthenticationProvider    : Authenticated user
2026-03-23T17:01:07.284+08:00 DEBUG 86664 --- [DocumentManagement] [nio-8080-exec-1] o.s.s.w.a.www.BasicAuthenticationFilter  : Set SecurityContextHolder to UsernamePasswordAuthenticationToken [Principal=org.springframework.security.core.userdetails.User [Username=gloria, Password=[PROTECTED], Enabled=true, AccountNonExpired=true, CredentialsNonExpired=true, AccountNonLocked=true, Granted Authorities=[ROLE_SYS_ADMIN]], Credentials=[PROTECTED], Authenticated=true, Details=WebAuthenticationDetails [RemoteIpAddress=0:0:0:0:0:0:0:1, SessionId=null], Granted Authorities=[ROLE_SYS_ADMIN]]
2026-03-23T17:01:07.285+08:00 DEBUG 86664 --- [DocumentManagement] [nio-8080-exec-1] o.s.security.web.FilterChainProxy        : Secured GET /api/admin/users
2026-03-23T17:01:10.013+08:00 DEBUG 86664 --- [DocumentManagement] [nio-8080-exec-2] o.s.security.web.FilterChainProxy        : Securing GET /api/audit?limit=100
2026-03-23T17:01:10.027+08:00 DEBUG 86664 --- [DocumentManagement] [nio-8080-exec-2] o.s.s.a.dao.DaoAuthenticationProvider    : Authenticated user
2026-03-23T17:01:10.028+08:00 DEBUG 86664 --- [DocumentManagement] [nio-8080-exec-2] o.s.s.w.a.www.BasicAuthenticationFilter  : Set SecurityContextHolder to UsernamePasswordAuthenticationToken [Principal=org.springframework.security.core.userdetails.User [Username=gloria, Password=[PROTECTED], Enabled=true, AccountNonExpired=true, CredentialsNonExpired=true, AccountNonLocked=true, Granted Authorities=[ROLE_SYS_ADMIN]], Credentials=[PROTECTED], Authenticated=true, Details=WebAuthenticationDetails [RemoteIpAddress=0:0:0:0:0:0:0:1, SessionId=null], Granted Authorities=[ROLE_SYS_ADMIN]]
2026-03-23T17:01:10.028+08:00 DEBUG 86664 --- [DocumentManagement] [nio-8080-exec-2] o.s.security.web.FilterChainProxy        : Secured GET /api/audit?limit=100
2026-03-23T17:01:10.033+08:00 DEBUG 86664 --- [DocumentManagement] [nio-8080-exec-2] horizationManagerBeforeMethodInterceptor : Authorizing method invocation ReflectiveMethodInvocation: public java.util.List com.dms.audit.controller.AuditController.list(int); target is of class [com.dms.audit.controller.AuditController]
2026-03-23T17:01:10.071+08:00 DEBUG 86664 --- [DocumentManagement] [nio-8080-exec-2] horizationManagerBeforeMethodInterceptor : Authorized method invocation ReflectiveMethodInvocation: public java.util.List com.dms.audit.controller.AuditController.list(int); target is of class [com.dms.audit.controller.AuditController]
2026-03-23T17:01:10.079+08:00 DEBUG 86664 --- [DocumentManagement] [nio-8080-exec-3] o.s.security.web.FilterChainProxy        : Securing GET /api/audit?limit=100
2026-03-23T17:01:10.092+08:00 DEBUG 86664 --- [DocumentManagement] [nio-8080-exec-3] o.s.s.a.dao.DaoAuthenticationProvider    : Authenticated user
2026-03-23T17:01:10.092+08:00 DEBUG 86664 --- [DocumentManagement] [nio-8080-exec-3] o.s.s.w.a.www.BasicAuthenticationFilter  : Set SecurityContextHolder to UsernamePasswordAuthenticationToken [Principal=org.springframework.security.core.userdetails.User [Username=gloria, Password=[PROTECTED], Enabled=true, AccountNonExpired=true, CredentialsNonExpired=true, AccountNonLocked=true, Granted Authorities=[ROLE_SYS_ADMIN]], Credentials=[PROTECTED], Authenticated=true, Details=WebAuthenticationDetails [RemoteIpAddress=0:0:0:0:0:0:0:1, SessionId=null], Granted Authorities=[ROLE_SYS_ADMIN]]
2026-03-23T17:01:10.093+08:00 DEBUG 86664 --- [DocumentManagement] [nio-8080-exec-3] o.s.security.web.FilterChainProxy        : Secured GET /api/audit?limit=100
2026-03-23T17:01:10.094+08:00 DEBUG 86664 --- [DocumentManagement] [nio-8080-exec-3] horizationManagerBeforeMethodInterceptor : Authorizing method invocation ReflectiveMethodInvocation: public java.util.List com.dms.audit.controller.AuditController.list(int); target is of class [com.dms.audit.controller.AuditController]
2026-03-23T17:01:10.095+08:00 DEBUG 86664 --- [DocumentManagement] [nio-8080-exec-3] horizationManagerBeforeMethodInterceptor : Authorized method invocation ReflectiveMethodInvocation: public java.util.List com.dms.audit.controller.AuditController.list(int); target is of class [com.dms.audit.controller.AuditController]
2026-03-23T17:01:11.083+08:00 DEBUG 86664 --- [DocumentManagement] [nio-8080-exec-4] o.s.security.web.FilterChainProxy        : Securing GET /api/folders/tree
2026-03-23T17:01:11.102+08:00 DEBUG 86664 --- [DocumentManagement] [nio-8080-exec-4] o.s.s.a.dao.DaoAuthenticationProvider    : Authenticated user
2026-03-23T17:01:11.103+08:00 DEBUG 86664 --- [DocumentManagement] [nio-8080-exec-4] o.s.s.w.a.www.BasicAuthenticationFilter  : Set SecurityContextHolder to UsernamePasswordAuthenticationToken [Principal=org.springframework.security.core.userdetails.User [Username=gloria, Password=[PROTECTED], Enabled=true, AccountNonExpired=true, CredentialsNonExpired=true, AccountNonLocked=true, Granted Authorities=[ROLE_SYS_ADMIN]], Credentials=[PROTECTED], Authenticated=true, Details=WebAuthenticationDetails [RemoteIpAddress=0:0:0:0:0:0:0:1, SessionId=null], Granted Authorities=[ROLE_SYS_ADMIN]]
2026-03-23T17:01:11.104+08:00 DEBUG 86664 --- [DocumentManagement] [nio-8080-exec-4] o.s.security.web.FilterChainProxy        : Secured GET /api/folders/tree
2026-03-23T17:01:11.133+08:00 DEBUG 86664 --- [DocumentManagement] [nio-8080-exec-5] o.s.security.web.FilterChainProxy        : Securing GET /api/folders/tree
2026-03-23T17:01:11.146+08:00 DEBUG 86664 --- [DocumentManagement] [nio-8080-exec-5] o.s.s.a.dao.DaoAuthenticationProvider    : Authenticated user
2026-03-23T17:01:11.148+08:00 DEBUG 86664 --- [DocumentManagement] [nio-8080-exec-5] o.s.s.w.a.www.BasicAuthenticationFilter  : Set SecurityContextHolder to UsernamePasswordAuthenticationToken [Principal=org.springframework.security.core.userdetails.User [Username=gloria, Password=[PROTECTED], Enabled=true, AccountNonExpired=true, CredentialsNonExpired=true, AccountNonLocked=true, Granted Authorities=[ROLE_SYS_ADMIN]], Credentials=[PROTECTED], Authenticated=true, Details=WebAuthenticationDetails [RemoteIpAddress=0:0:0:0:0:0:0:1, SessionId=null], Granted Authorities=[ROLE_SYS_ADMIN]]
2026-03-23T17:01:11.148+08:00 DEBUG 86664 --- [DocumentManagement] [nio-8080-exec-5] o.s.security.web.FilterChainProxy        : Secured GET /api/folders/tree
2026-03-23T17:01:11.209+08:00 DEBUG 86664 --- [DocumentManagement] [nio-8080-exec-6] o.s.security.web.FilterChainProxy        : Securing GET /api/documents?page=0&size=12&sort=createdAt%2Cdesc
2026-03-23T17:01:11.222+08:00 DEBUG 86664 --- [DocumentManagement] [nio-8080-exec-6] o.s.s.a.dao.DaoAuthenticationProvider    : Authenticated user
2026-03-23T17:01:11.223+08:00 DEBUG 86664 --- [DocumentManagement] [nio-8080-exec-6] o.s.s.w.a.www.BasicAuthenticationFilter  : Set SecurityContextHolder to UsernamePasswordAuthenticationToken [Principal=org.springframework.security.core.userdetails.User [Username=gloria, Password=[PROTECTED], Enabled=true, AccountNonExpired=true, CredentialsNonExpired=true, AccountNonLocked=true, Granted Authorities=[ROLE_SYS_ADMIN]], Credentials=[PROTECTED], Authenticated=true, Details=WebAuthenticationDetails [RemoteIpAddress=0:0:0:0:0:0:0:1, SessionId=null], Granted Authorities=[ROLE_SYS_ADMIN]]
2026-03-23T17:01:11.223+08:00 DEBUG 86664 --- [DocumentManagement] [nio-8080-exec-6] o.s.security.web.FilterChainProxy        : Secured GET /api/documents?page=0&size=12&sort=createdAt%2Cdesc
2026-03-23T17:01:11.520+08:00 DEBUG 86664 --- [DocumentManagement] [nio-8080-exec-7] o.s.security.web.FilterChainProxy        : Securing GET /api/documents?page=0&size=12&sort=createdAt%2Cdesc
2026-03-23T17:01:11.534+08:00 DEBUG 86664 --- [DocumentManagement] [nio-8080-exec-7] o.s.s.a.dao.DaoAuthenticationProvider    : Authenticated user
2026-03-23T17:01:11.535+08:00 DEBUG 86664 --- [DocumentManagement] [nio-8080-exec-7] o.s.s.w.a.www.BasicAuthenticationFilter  : Set SecurityContextHolder to UsernamePasswordAuthenticationToken [Principal=org.springframework.security.core.userdetails.User [Username=gloria, Password=[PROTECTED], Enabled=true, AccountNonExpired=true, CredentialsNonExpired=true, AccountNonLocked=true, Granted Authorities=[ROLE_SYS_ADMIN]], Credentials=[PROTECTED], Authenticated=true, Details=WebAuthenticationDetails [RemoteIpAddress=0:0:0:0:0:0:0:1, SessionId=null], Granted Authorities=[ROLE_SYS_ADMIN]]
2026-03-23T17:01:11.536+08:00 DEBUG 86664 --- [DocumentManagement] [nio-8080-exec-7] o.s.security.web.FilterChainProxy        : Secured GET /api/documents?page=0&size=12&sort=createdAt%2Cdesc
2026-03-23T17:01:12.277+08:00 DEBUG 86664 --- [DocumentManagement] [io-8080-exec-10] o.s.security.web.FilterChainProxy        : Securing GET /api/knowledge/topics?page=0&size=8
2026-03-23T17:01:12.277+08:00 DEBUG 86664 --- [DocumentManagement] [nio-8080-exec-9] o.s.security.web.FilterChainProxy        : Securing GET /api/documents?page=0&size=12
2026-03-23T17:01:12.294+08:00 DEBUG 86664 --- [DocumentManagement] [io-8080-exec-10] o.s.s.a.dao.DaoAuthenticationProvider    : Authenticated user
2026-03-23T17:01:12.294+08:00 DEBUG 86664 --- [DocumentManagement] [nio-8080-exec-9] o.s.s.a.dao.DaoAuthenticationProvider    : Authenticated user
2026-03-23T17:01:12.295+08:00 DEBUG 86664 --- [DocumentManagement] [io-8080-exec-10] o.s.s.w.a.www.BasicAuthenticationFilter  : Set SecurityContextHolder to UsernamePasswordAuthenticationToken [Principal=org.springframework.security.core.userdetails.User [Username=gloria, Password=[PROTECTED], Enabled=true, AccountNonExpired=true, CredentialsNonExpired=true, AccountNonLocked=true, Granted Authorities=[ROLE_SYS_ADMIN]], Credentials=[PROTECTED], Authenticated=true, Details=WebAuthenticationDetails [RemoteIpAddress=0:0:0:0:0:0:0:1, SessionId=null], Granted Authorities=[ROLE_SYS_ADMIN]]
2026-03-23T17:01:12.296+08:00 DEBUG 86664 --- [DocumentManagement] [nio-8080-exec-9] o.s.s.w.a.www.BasicAuthenticationFilter  : Set SecurityContextHolder to UsernamePasswordAuthenticationToken [Principal=org.springframework.security.core.userdetails.User [Username=gloria, Password=[PROTECTED], Enabled=true, AccountNonExpired=true, CredentialsNonExpired=true, AccountNonLocked=true, Granted Authorities=[ROLE_SYS_ADMIN]], Credentials=[PROTECTED], Authenticated=true, Details=WebAuthenticationDetails [RemoteIpAddress=0:0:0:0:0:0:0:1, SessionId=null], Granted Authorities=[ROLE_SYS_ADMIN]]
2026-03-23T17:01:12.297+08:00 DEBUG 86664 --- [DocumentManagement] [nio-8080-exec-9] o.s.security.web.FilterChainProxy        : Secured GET /api/documents?page=0&size=12
2026-03-23T17:01:12.297+08:00 DEBUG 86664 --- [DocumentManagement] [io-8080-exec-10] o.s.security.web.FilterChainProxy        : Secured GET /api/knowledge/topics?page=0&size=8
2026-03-23T17:01:12.358+08:00 DEBUG 86664 --- [DocumentManagement] [nio-8080-exec-8] o.s.security.web.FilterChainProxy        : Securing GET /api/documents?page=0&size=12
2026-03-23T17:01:12.363+08:00 DEBUG 86664 --- [DocumentManagement] [nio-8080-exec-1] o.s.security.web.FilterChainProxy        : Securing GET /api/knowledge/topics?page=0&size=8
2026-03-23T17:01:12.371+08:00 DEBUG 86664 --- [DocumentManagement] [nio-8080-exec-8] o.s.s.a.dao.DaoAuthenticationProvider    : Authenticated user
2026-03-23T17:01:12.372+08:00 DEBUG 86664 --- [DocumentManagement] [nio-8080-exec-8] o.s.s.w.a.www.BasicAuthenticationFilter  : Set SecurityContextHolder to UsernamePasswordAuthenticationToken [Principal=org.springframework.security.core.userdetails.User [Username=gloria, Password=[PROTECTED], Enabled=true, AccountNonExpired=true, CredentialsNonExpired=true, AccountNonLocked=true, Granted Authorities=[ROLE_SYS_ADMIN]], Credentials=[PROTECTED], Authenticated=true, Details=WebAuthenticationDetails [RemoteIpAddress=0:0:0:0:0:0:0:1, SessionId=null], Granted Authorities=[ROLE_SYS_ADMIN]]
2026-03-23T17:01:12.373+08:00 DEBUG 86664 --- [DocumentManagement] [nio-8080-exec-8] o.s.security.web.FilterChainProxy        : Secured GET /api/documents?page=0&size=12
2026-03-23T17:01:12.378+08:00 DEBUG 86664 --- [DocumentManagement] [nio-8080-exec-1] o.s.s.a.dao.DaoAuthenticationProvider    : Authenticated user
2026-03-23T17:01:12.379+08:00 DEBUG 86664 --- [DocumentManagement] [nio-8080-exec-1] o.s.s.w.a.www.BasicAuthenticationFilter  : Set SecurityContextHolder to UsernamePasswordAuthenticationToken [Principal=org.springframework.security.core.userdetails.User [Username=gloria, Password=[PROTECTED], Enabled=true, AccountNonExpired=true, CredentialsNonExpired=true, AccountNonLocked=true, Granted Authorities=[ROLE_SYS_ADMIN]], Credentials=[PROTECTED], Authenticated=true, Details=WebAuthenticationDetails [RemoteIpAddress=0:0:0:0:0:0:0:1, SessionId=null], Granted Authorities=[ROLE_SYS_ADMIN]]
2026-03-23T17:01:12.380+08:00 DEBUG 86664 --- [DocumentManagement] [nio-8080-exec-1] o.s.security.web.FilterChainProxy        : Secured GET /api/knowledge/topics?page=0&size=8
2026-03-23T17:01:13.558+08:00 DEBUG 86664 --- [DocumentManagement] [nio-8080-exec-2] o.s.security.web.FilterChainProxy        : Securing GET /api/audit?limit=100
2026-03-23T17:01:13.576+08:00 DEBUG 86664 --- [DocumentManagement] [nio-8080-exec-2] o.s.s.a.dao.DaoAuthenticationProvider    : Authenticated user
2026-03-23T17:01:13.577+08:00 DEBUG 86664 --- [DocumentManagement] [nio-8080-exec-2] o.s.s.w.a.www.BasicAuthenticationFilter  : Set SecurityContextHolder to UsernamePasswordAuthenticationToken [Principal=org.springframework.security.core.userdetails.User [Username=gloria, Password=[PROTECTED], Enabled=true, AccountNonExpired=true, CredentialsNonExpired=true, AccountNonLocked=true, Granted Authorities=[ROLE_SYS_ADMIN]], Credentials=[PROTECTED], Authenticated=true, Details=WebAuthenticationDetails [RemoteIpAddress=0:0:0:0:0:0:0:1, SessionId=null], Granted Authorities=[ROLE_SYS_ADMIN]]
2026-03-23T17:01:13.578+08:00 DEBUG 86664 --- [DocumentManagement] [nio-8080-exec-2] o.s.security.web.FilterChainProxy        : Secured GET /api/audit?limit=100
2026-03-23T17:01:13.580+08:00 DEBUG 86664 --- [DocumentManagement] [nio-8080-exec-2] horizationManagerBeforeMethodInterceptor : Authorizing method invocation ReflectiveMethodInvocation: public java.util.List com.dms.audit.controller.AuditController.list(int); target is of class [com.dms.audit.controller.AuditController]
2026-03-23T17:01:13.580+08:00 DEBUG 86664 --- [DocumentManagement] [nio-8080-exec-2] horizationManagerBeforeMethodInterceptor : Authorized method invocation ReflectiveMethodInvocation: public java.util.List com.dms.audit.controller.AuditController.list(int); target is of class [com.dms.audit.controller.AuditController]
2026-03-23T17:01:13.588+08:00 DEBUG 86664 --- [DocumentManagement] [nio-8080-exec-3] o.s.security.web.FilterChainProxy        : Securing GET /api/audit?limit=100
2026-03-23T17:01:13.604+08:00 DEBUG 86664 --- [DocumentManagement] [nio-8080-exec-3] o.s.s.a.dao.DaoAuthenticationProvider    : Authenticated user
2026-03-23T17:01:13.605+08:00 DEBUG 86664 --- [DocumentManagement] [nio-8080-exec-3] o.s.s.w.a.www.BasicAuthenticationFilter  : Set SecurityContextHolder to UsernamePasswordAuthenticationToken [Principal=org.springframework.security.core.userdetails.User [Username=gloria, Password=[PROTECTED], Enabled=true, AccountNonExpired=true, CredentialsNonExpired=true, AccountNonLocked=true, Granted Authorities=[ROLE_SYS_ADMIN]], Credentials=[PROTECTED], Authenticated=true, Details=WebAuthenticationDetails [RemoteIpAddress=0:0:0:0:0:0:0:1, SessionId=null], Granted Authorities=[ROLE_SYS_ADMIN]]
2026-03-23T17:01:13.606+08:00 DEBUG 86664 --- [DocumentManagement] [nio-8080-exec-3] o.s.security.web.FilterChainProxy        : Secured GET /api/audit?limit=100
2026-03-23T17:01:13.607+08:00 DEBUG 86664 --- [DocumentManagement] [nio-8080-exec-3] horizationManagerBeforeMethodInterceptor : Authorizing method invocation ReflectiveMethodInvocation: public java.util.List com.dms.audit.controller.AuditController.list(int); target is of class [com.dms.audit.controller.AuditController]
2026-03-23T17:01:13.608+08:00 DEBUG 86664 --- [DocumentManagement] [nio-8080-exec-3] horizationManagerBeforeMethodInterceptor : Authorized method invocation ReflectiveMethodInvocation: public java.util.List com.dms.audit.controller.AuditController.list(int); target is of class [com.dms.audit.controller.AuditController]
2026-03-23T17:01:14.750+08:00 DEBUG 86664 --- [DocumentManagement] [nio-8080-exec-5] o.s.security.web.FilterChainProxy        : Securing GET /api/documents?page=0&size=12
2026-03-23T17:01:14.750+08:00 DEBUG 86664 --- [DocumentManagement] [nio-8080-exec-4] o.s.security.web.FilterChainProxy        : Securing GET /api/knowledge/topics?page=0&size=8
2026-03-23T17:01:14.770+08:00 DEBUG 86664 --- [DocumentManagement] [nio-8080-exec-4] o.s.s.a.dao.DaoAuthenticationProvider    : Authenticated user
2026-03-23T17:01:14.770+08:00 DEBUG 86664 --- [DocumentManagement] [nio-8080-exec-5] o.s.s.a.dao.DaoAuthenticationProvider    : Authenticated user
2026-03-23T17:01:14.771+08:00 DEBUG 86664 --- [DocumentManagement] [nio-8080-exec-4] o.s.s.w.a.www.BasicAuthenticationFilter  : Set SecurityContextHolder to UsernamePasswordAuthenticationToken [Principal=org.springframework.security.core.userdetails.User [Username=gloria, Password=[PROTECTED], Enabled=true, AccountNonExpired=true, CredentialsNonExpired=true, AccountNonLocked=true, Granted Authorities=[ROLE_SYS_ADMIN]], Credentials=[PROTECTED], Authenticated=true, Details=WebAuthenticationDetails [RemoteIpAddress=0:0:0:0:0:0:0:1, SessionId=null], Granted Authorities=[ROLE_SYS_ADMIN]]
2026-03-23T17:01:14.772+08:00 DEBUG 86664 --- [DocumentManagement] [nio-8080-exec-5] o.s.s.w.a.www.BasicAuthenticationFilter  : Set SecurityContextHolder to UsernamePasswordAuthenticationToken [Principal=org.springframework.security.core.userdetails.User [Username=gloria, Password=[PROTECTED], Enabled=true, AccountNonExpired=true, CredentialsNonExpired=true, AccountNonLocked=true, Granted Authorities=[ROLE_SYS_ADMIN]], Credentials=[PROTECTED], Authenticated=true, Details=WebAuthenticationDetails [RemoteIpAddress=0:0:0:0:0:0:0:1, SessionId=null], Granted Authorities=[ROLE_SYS_ADMIN]]
2026-03-23T17:01:14.772+08:00 DEBUG 86664 --- [DocumentManagement] [nio-8080-exec-4] o.s.security.web.FilterChainProxy        : Secured GET /api/knowledge/topics?page=0&size=8
2026-03-23T17:01:14.772+08:00 DEBUG 86664 --- [DocumentManagement] [nio-8080-exec-5] o.s.security.web.FilterChainProxy        : Secured GET /api/documents?page=0&size=12
2026-03-23T17:01:14.834+08:00 DEBUG 86664 --- [DocumentManagement] [nio-8080-exec-6] o.s.security.web.FilterChainProxy        : Securing GET /api/knowledge/topics?page=0&size=8
2026-03-23T17:01:14.835+08:00 DEBUG 86664 --- [DocumentManagement] [nio-8080-exec-7] o.s.security.web.FilterChainProxy        : Securing GET /api/documents?page=0&size=12
2026-03-23T17:01:14.846+08:00 DEBUG 86664 --- [DocumentManagement] [nio-8080-exec-6] o.s.s.a.dao.DaoAuthenticationProvider    : Authenticated user
2026-03-23T17:01:14.846+08:00 DEBUG 86664 --- [DocumentManagement] [nio-8080-exec-7] o.s.s.a.dao.DaoAuthenticationProvider    : Authenticated user
2026-03-23T17:01:14.847+08:00 DEBUG 86664 --- [DocumentManagement] [nio-8080-exec-6] o.s.s.w.a.www.BasicAuthenticationFilter  : Set SecurityContextHolder to UsernamePasswordAuthenticationToken [Principal=org.springframework.security.core.userdetails.User [Username=gloria, Password=[PROTECTED], Enabled=true, AccountNonExpired=true, CredentialsNonExpired=true, AccountNonLocked=true, Granted Authorities=[ROLE_SYS_ADMIN]], Credentials=[PROTECTED], Authenticated=true, Details=WebAuthenticationDetails [RemoteIpAddress=0:0:0:0:0:0:0:1, SessionId=null], Granted Authorities=[ROLE_SYS_ADMIN]]
2026-03-23T17:01:14.848+08:00 DEBUG 86664 --- [DocumentManagement] [nio-8080-exec-7] o.s.s.w.a.www.BasicAuthenticationFilter  : Set SecurityContextHolder to UsernamePasswordAuthenticationToken [Principal=org.springframework.security.core.userdetails.User [Username=gloria, Password=[PROTECTED], Enabled=true, AccountNonExpired=true, CredentialsNonExpired=true, AccountNonLocked=true, Granted Authorities=[ROLE_SYS_ADMIN]], Credentials=[PROTECTED], Authenticated=true, Details=WebAuthenticationDetails [RemoteIpAddress=0:0:0:0:0:0:0:1, SessionId=null], Granted Authorities=[ROLE_SYS_ADMIN]]
2026-03-23T17:01:14.849+08:00 DEBUG 86664 --- [DocumentManagement] [nio-8080-exec-7] o.s.security.web.FilterChainProxy        : Secured GET /api/documents?page=0&size=12
2026-03-23T17:01:14.849+08:00 DEBUG 86664 --- [DocumentManagement] [nio-8080-exec-6] o.s.security.web.FilterChainProxy        : Secured GET /api/knowledge/topics?page=0&size=8
2026-03-23T17:01:15.171+08:00 DEBUG 86664 --- [DocumentManagement] [nio-8080-exec-9] o.s.security.web.FilterChainProxy        : Securing GET /api/folders/tree
2026-03-23T17:01:15.188+08:00 DEBUG 86664 --- [DocumentManagement] [nio-8080-exec-9] o.s.s.a.dao.DaoAuthenticationProvider    : Authenticated user
2026-03-23T17:01:15.188+08:00 DEBUG 86664 --- [DocumentManagement] [nio-8080-exec-9] o.s.s.w.a.www.BasicAuthenticationFilter  : Set SecurityContextHolder to UsernamePasswordAuthenticationToken [Principal=org.springframework.security.core.userdetails.User [Username=gloria, Password=[PROTECTED], Enabled=true, AccountNonExpired=true, CredentialsNonExpired=true, AccountNonLocked=true, Granted Authorities=[ROLE_SYS_ADMIN]], Credentials=[PROTECTED], Authenticated=true, Details=WebAuthenticationDetails [RemoteIpAddress=0:0:0:0:0:0:0:1, SessionId=null], Granted Authorities=[ROLE_SYS_ADMIN]]
2026-03-23T17:01:15.189+08:00 DEBUG 86664 --- [DocumentManagement] [nio-8080-exec-9] o.s.security.web.FilterChainProxy        : Secured GET /api/folders/tree
2026-03-23T17:01:15.215+08:00 DEBUG 86664 --- [DocumentManagement] [io-8080-exec-10] o.s.security.web.FilterChainProxy        : Securing GET /api/folders/tree
2026-03-23T17:01:15.228+08:00 DEBUG 86664 --- [DocumentManagement] [io-8080-exec-10] o.s.s.a.dao.DaoAuthenticationProvider    : Authenticated user
2026-03-23T17:01:15.229+08:00 DEBUG 86664 --- [DocumentManagement] [io-8080-exec-10] o.s.s.w.a.www.BasicAuthenticationFilter  : Set SecurityContextHolder to UsernamePasswordAuthenticationToken [Principal=org.springframework.security.core.userdetails.User [Username=gloria, Password=[PROTECTED], Enabled=true, AccountNonExpired=true, CredentialsNonExpired=true, AccountNonLocked=true, Granted Authorities=[ROLE_SYS_ADMIN]], Credentials=[PROTECTED], Authenticated=true, Details=WebAuthenticationDetails [RemoteIpAddress=0:0:0:0:0:0:0:1, SessionId=null], Granted Authorities=[ROLE_SYS_ADMIN]]
2026-03-23T17:01:15.230+08:00 DEBUG 86664 --- [DocumentManagement] [io-8080-exec-10] o.s.security.web.FilterChainProxy        : Secured GET /api/folders/tree
2026-03-23T17:01:15.293+08:00 DEBUG 86664 --- [DocumentManagement] [nio-8080-exec-1] o.s.security.web.FilterChainProxy        : Securing GET /api/documents?page=0&size=12&sort=createdAt%2Cdesc
2026-03-23T17:01:15.310+08:00 DEBUG 86664 --- [DocumentManagement] [nio-8080-exec-1] o.s.s.a.dao.DaoAuthenticationProvider    : Authenticated user
2026-03-23T17:01:15.310+08:00 DEBUG 86664 --- [DocumentManagement] [nio-8080-exec-1] o.s.s.w.a.www.BasicAuthenticationFilter  : Set SecurityContextHolder to UsernamePasswordAuthenticationToken [Principal=org.springframework.security.core.userdetails.User [Username=gloria, Password=[PROTECTED], Enabled=true, AccountNonExpired=true, CredentialsNonExpired=true, AccountNonLocked=true, Granted Authorities=[ROLE_SYS_ADMIN]], Credentials=[PROTECTED], Authenticated=true, Details=WebAuthenticationDetails [RemoteIpAddress=0:0:0:0:0:0:0:1, SessionId=null], Granted Authorities=[ROLE_SYS_ADMIN]]
2026-03-23T17:01:15.311+08:00 DEBUG 86664 --- [DocumentManagement] [nio-8080-exec-1] o.s.security.web.FilterChainProxy        : Secured GET /api/documents?page=0&size=12&sort=createdAt%2Cdesc
2026-03-23T17:01:15.607+08:00 DEBUG 86664 --- [DocumentManagement] [nio-8080-exec-8] o.s.security.web.FilterChainProxy        : Securing GET /api/documents?page=0&size=12&sort=createdAt%2Cdesc
2026-03-23T17:01:15.626+08:00 DEBUG 86664 --- [DocumentManagement] [nio-8080-exec-8] o.s.s.a.dao.DaoAuthenticationProvider    : Authenticated user
2026-03-23T17:01:15.627+08:00 DEBUG 86664 --- [DocumentManagement] [nio-8080-exec-8] o.s.s.w.a.www.BasicAuthenticationFilter  : Set SecurityContextHolder to UsernamePasswordAuthenticationToken [Principal=org.springframework.security.core.userdetails.User [Username=gloria, Password=[PROTECTED], Enabled=true, AccountNonExpired=true, CredentialsNonExpired=true, AccountNonLocked=true, Granted Authorities=[ROLE_SYS_ADMIN]], Credentials=[PROTECTED], Authenticated=true, Details=WebAuthenticationDetails [RemoteIpAddress=0:0:0:0:0:0:0:1, SessionId=null], Granted Authorities=[ROLE_SYS_ADMIN]]
2026-03-23T17:01:15.629+08:00 DEBUG 86664 --- [DocumentManagement] [nio-8080-exec-8] o.s.security.web.FilterChainProxy        : Secured GET /api/documents?page=0&size=12&sort=createdAt%2Cdesc
2026-03-23T17:01:23.110+08:00 DEBUG 86664 --- [DocumentManagement] [nio-8080-exec-2] o.s.security.web.FilterChainProxy        : Securing GET /api/dashboard/my-tasks
2026-03-23T17:01:23.124+08:00 DEBUG 86664 --- [DocumentManagement] [nio-8080-exec-2] o.s.s.a.dao.DaoAuthenticationProvider    : Authenticated user
2026-03-23T17:01:23.125+08:00 DEBUG 86664 --- [DocumentManagement] [nio-8080-exec-2] o.s.s.w.a.www.BasicAuthenticationFilter  : Set SecurityContextHolder to UsernamePasswordAuthenticationToken [Principal=org.springframework.security.core.userdetails.User [Username=gloria, Password=[PROTECTED], Enabled=true, AccountNonExpired=true, CredentialsNonExpired=true, AccountNonLocked=true, Granted Authorities=[ROLE_SYS_ADMIN]], Credentials=[PROTECTED], Authenticated=true, Details=WebAuthenticationDetails [RemoteIpAddress=0:0:0:0:0:0:0:1, SessionId=null], Granted Authorities=[ROLE_SYS_ADMIN]]
2026-03-23T17:01:23.125+08:00 DEBUG 86664 --- [DocumentManagement] [nio-8080-exec-2] o.s.security.web.FilterChainProxy        : Secured GET /api/dashboard/my-tasks
2026-03-23T17:01:23.151+08:00 ERROR 86664 --- [DocumentManagement] [nio-8080-exec-2] c.dms.exception.GlobalExceptionHandler   : Unhandled exception

org.opensearch.client.opensearch._types.OpenSearchException: Request failed: [search_phase_execution_exception] all shards failed
	at org.opensearch.client.transport.httpclient5.ApacheHttpClient5Transport.extractAndWrapCause(ApacheHttpClient5Transport.java:1153) ~[opensearch-java-2.19.0.jar!/:na]
	at org.opensearch.client.transport.httpclient5.ApacheHttpClient5Transport.performRequest(ApacheHttpClient5Transport.java:158) ~[opensearch-java-2.19.0.jar!/:na]
	at org.opensearch.client.opensearch.OpenSearchClient.search(OpenSearchClient.java:1386) ~[opensearch-java-2.19.0.jar!/:na]
	at com.dms.repository.BaseOpenSearchRepository.search(BaseOpenSearchRepository.java:154) ~[!/:0.0.1-SNAPSHOT]
	at com.dms.task.repository.UserTaskRepository.searchSafely(UserTaskRepository.java:91) ~[!/:0.0.1-SNAPSHOT]
	at com.dms.task.repository.UserTaskRepository.findByAssigneeUsernameIgnoreCaseOrderByDueDateAsc(UserTaskRepository.java:59) ~[!/:0.0.1-SNAPSHOT]
	at java.base/jdk.internal.reflect.DirectMethodHandleAccessor.invoke(DirectMethodHandleAccessor.java:103) ~[na:na]
	at java.base/java.lang.reflect.Method.invoke(Method.java:580) ~[na:na]
	at org.springframework.aop.support.AopUtils.invokeJoinpointUsingReflection(AopUtils.java:359) ~[spring-aop-6.2.6.jar!/:6.2.6]
	at org.springframework.aop.framework.ReflectiveMethodInvocation.invokeJoinpoint(ReflectiveMethodInvocation.java:196) ~[spring-aop-6.2.6.jar!/:6.2.6]
	at org.springframework.aop.framework.ReflectiveMethodInvocation.proceed(ReflectiveMethodInvocation.java:163) ~[spring-aop-6.2.6.jar!/:6.2.6]
	at org.springframework.dao.support.PersistenceExceptionTranslationInterceptor.invoke(PersistenceExceptionTranslationInterceptor.java:138) ~[spring-tx-6.2.6.jar!/:6.2.6]
	at org.springframework.aop.framework.ReflectiveMethodInvocation.proceed(ReflectiveMethodInvocation.java:184) ~[spring-aop-6.2.6.jar!/:6.2.6]
	at org.springframework.aop.framework.CglibAopProxy$DynamicAdvisedInterceptor.intercept(CglibAopProxy.java:728) ~[spring-aop-6.2.6.jar!/:6.2.6]
	at com.dms.task.repository.UserTaskRepository$$SpringCGLIB$$0.findByAssigneeUsernameIgnoreCaseOrderByDueDateAsc(<generated>) ~[!/:0.0.1-SNAPSHOT]
	at com.dms.task.service.UserDashboardService.buildDashboardFor(UserDashboardService.java:31) ~[!/:0.0.1-SNAPSHOT]
	at java.base/jdk.internal.reflect.DirectMethodHandleAccessor.invoke(DirectMethodHandleAccessor.java:103) ~[na:na]
	at java.base/java.lang.reflect.Method.invoke(Method.java:580) ~[na:na]
	at org.springframework.aop.support.AopUtils.invokeJoinpointUsingReflection(AopUtils.java:359) ~[spring-aop-6.2.6.jar!/:6.2.6]
	at org.springframework.aop.framework.ReflectiveMethodInvocation.invokeJoinpoint(ReflectiveMethodInvocation.java:196) ~[spring-aop-6.2.6.jar!/:6.2.6]
	at org.springframework.aop.framework.ReflectiveMethodInvocation.proceed(ReflectiveMethodInvocation.java:163) ~[spring-aop-6.2.6.jar!/:6.2.6]
	at org.springframework.transaction.interceptor.TransactionAspectSupport.invokeWithinTransaction(TransactionAspectSupport.java:380) ~[spring-tx-6.2.6.jar!/:6.2.6]
	at org.springframework.transaction.interceptor.TransactionInterceptor.invoke(TransactionInterceptor.java:119) ~[spring-tx-6.2.6.jar!/:6.2.6]
	at org.springframework.aop.framework.ReflectiveMethodInvocation.proceed(ReflectiveMethodInvocation.java:184) ~[spring-aop-6.2.6.jar!/:6.2.6]
	at org.springframework.aop.framework.CglibAopProxy$DynamicAdvisedInterceptor.intercept(CglibAopProxy.java:728) ~[spring-aop-6.2.6.jar!/:6.2.6]
	at com.dms.task.service.UserDashboardService$$SpringCGLIB$$0.buildDashboardFor(<generated>) ~[!/:0.0.1-SNAPSHOT]
	at com.dms.task.controller.UserDashboardController.currentUserTasks(UserDashboardController.java:29) ~[!/:0.0.1-SNAPSHOT]
	at java.base/jdk.internal.reflect.DirectMethodHandleAccessor.invoke(DirectMethodHandleAccessor.java:103) ~[na:na]
	at java.base/java.lang.reflect.Method.invoke(Method.java:580) ~[na:na]
	at org.springframework.web.method.support.InvocableHandlerMethod.doInvoke(InvocableHandlerMethod.java:258) ~[spring-web-6.2.6.jar!/:6.2.6]
	at org.springframework.web.method.support.InvocableHandlerMethod.invokeForRequest(InvocableHandlerMethod.java:191) ~[spring-web-6.2.6.jar!/:6.2.6]
	at org.springframework.web.servlet.mvc.method.annotation.ServletInvocableHandlerMethod.invokeAndHandle(ServletInvocableHandlerMethod.java:118) ~[spring-webmvc-6.2.6.jar!/:6.2.6]
	at org.springframework.web.servlet.mvc.method.annotation.RequestMappingHandlerAdapter.invokeHandlerMethod(RequestMappingHandlerAdapter.java:986) ~[spring-webmvc-6.2.6.jar!/:6.2.6]
	at org.springframework.web.servlet.mvc.method.annotation.RequestMappingHandlerAdapter.handleInternal(RequestMappingHandlerAdapter.java:891) ~[spring-webmvc-6.2.6.jar!/:6.2.6]
	at org.springframework.web.servlet.mvc.method.AbstractHandlerMethodAdapter.handle(AbstractHandlerMethodAdapter.java:87) ~[spring-webmvc-6.2.6.jar!/:6.2.6]
	at org.springframework.web.servlet.DispatcherServlet.doDispatch(DispatcherServlet.java:1089) ~[spring-webmvc-6.2.6.jar!/:6.2.6]
	at org.springframework.web.servlet.DispatcherServlet.doService(DispatcherServlet.java:979) ~[spring-webmvc-6.2.6.jar!/:6.2.6]
	at org.springframework.web.servlet.FrameworkServlet.processRequest(FrameworkServlet.java:1014) ~[spring-webmvc-6.2.6.jar!/:6.2.6]
	at org.springframework.web.servlet.FrameworkServlet.doGet(FrameworkServlet.java:903) ~[spring-webmvc-6.2.6.jar!/:6.2.6]
	at jakarta.servlet.http.HttpServlet.service(HttpServlet.java:564) ~[tomcat-embed-core-10.1.40.jar!/:na]
	at org.springframework.web.servlet.FrameworkServlet.service(FrameworkServlet.java:885) ~[spring-webmvc-6.2.6.jar!/:6.2.6]
	at jakarta.servlet.http.HttpServlet.service(HttpServlet.java:658) ~[tomcat-embed-core-10.1.40.jar!/:na]
	at org.apache.catalina.core.ApplicationFilterChain.internalDoFilter(ApplicationFilterChain.java:195) ~[tomcat-embed-core-10.1.40.jar!/:na]
	at org.apache.catalina.core.ApplicationFilterChain.doFilter(ApplicationFilterChain.java:140) ~[tomcat-embed-core-10.1.40.jar!/:na]
	at org.apache.tomcat.websocket.server.WsFilter.doFilter(WsFilter.java:51) ~[tomcat-embed-websocket-10.1.40.jar!/:na]
	at org.apache.catalina.core.ApplicationFilterChain.internalDoFilter(ApplicationFilterChain.java:164) ~[tomcat-embed-core-10.1.40.jar!/:na]
	at org.apache.catalina.core.ApplicationFilterChain.doFilter(ApplicationFilterChain.java:140) ~[tomcat-embed-core-10.1.40.jar!/:na]
	at org.springframework.web.filter.CompositeFilter$VirtualFilterChain.doFilter(CompositeFilter.java:108) ~[spring-web-6.2.6.jar!/:6.2.6]
	at org.springframework.security.web.FilterChainProxy.lambda$doFilterInternal$3(FilterChainProxy.java:231) ~[spring-security-web-6.4.5.jar!/:6.4.5]
	at org.springframework.security.web.FilterChainProxy$VirtualFilterChain.doFilter(FilterChainProxy.java:365) ~[spring-security-web-6.4.5.jar!/:6.4.5]
	at org.springframework.security.web.access.intercept.AuthorizationFilter.doFilter(AuthorizationFilter.java:101) ~[spring-security-web-6.4.5.jar!/:6.4.5]
	at org.springframework.security.web.FilterChainProxy$VirtualFilterChain.doFilter(FilterChainProxy.java:374) ~[spring-security-web-6.4.5.jar!/:6.4.5]
	at org.springframework.security.web.access.ExceptionTranslationFilter.doFilter(ExceptionTranslationFilter.java:126) ~[spring-security-web-6.4.5.jar!/:6.4.5]
	at org.springframework.security.web.access.ExceptionTranslationFilter.doFilter(ExceptionTranslationFilter.java:120) ~[spring-security-web-6.4.5.jar!/:6.4.5]
	at org.springframework.security.web.FilterChainProxy$VirtualFilterChain.doFilter(FilterChainProxy.java:374) ~[spring-security-web-6.4.5.jar!/:6.4.5]
	at org.springframework.security.web.authentication.AnonymousAuthenticationFilter.doFilter(AnonymousAuthenticationFilter.java:100) ~[spring-security-web-6.4.5.jar!/:6.4.5]
	at org.springframework.security.web.FilterChainProxy$VirtualFilterChain.doFilter(FilterChainProxy.java:374) ~[spring-security-web-6.4.5.jar!/:6.4.5]
	at org.springframework.security.web.servletapi.SecurityContextHolderAwareRequestFilter.doFilter(SecurityContextHolderAwareRequestFilter.java:179) ~[spring-security-web-6.4.5.jar!/:6.4.5]
	at org.springframework.security.web.FilterChainProxy$VirtualFilterChain.doFilter(FilterChainProxy.java:374) ~[spring-security-web-6.4.5.jar!/:6.4.5]
	at org.springframework.security.web.savedrequest.RequestCacheAwareFilter.doFilter(RequestCacheAwareFilter.java:63) ~[spring-security-web-6.4.5.jar!/:6.4.5]
	at org.springframework.security.web.FilterChainProxy$VirtualFilterChain.doFilter(FilterChainProxy.java:374) ~[spring-security-web-6.4.5.jar!/:6.4.5]
	at org.springframework.security.web.authentication.www.BasicAuthenticationFilter.doFilterInternal(BasicAuthenticationFilter.java:213) ~[spring-security-web-6.4.5.jar!/:6.4.5]
	at org.springframework.web.filter.OncePerRequestFilter.doFilter(OncePerRequestFilter.java:116) ~[spring-web-6.2.6.jar!/:6.2.6]
	at org.springframework.security.web.FilterChainProxy$VirtualFilterChain.doFilter(FilterChainProxy.java:374) ~[spring-security-web-6.4.5.jar!/:6.4.5]
	at org.springframework.security.web.authentication.logout.LogoutFilter.doFilter(LogoutFilter.java:107) ~[spring-security-web-6.4.5.jar!/:6.4.5]
	at org.springframework.security.web.authentication.logout.LogoutFilter.doFilter(LogoutFilter.java:93) ~[spring-security-web-6.4.5.jar!/:6.4.5]
	at org.springframework.security.web.FilterChainProxy$VirtualFilterChain.doFilter(FilterChainProxy.java:374) ~[spring-security-web-6.4.5.jar!/:6.4.5]
	at org.springframework.security.web.header.HeaderWriterFilter.doHeadersAfter(HeaderWriterFilter.java:90) ~[spring-security-web-6.4.5.jar!/:6.4.5]
	at org.springframework.security.web.header.HeaderWriterFilter.doFilterInternal(HeaderWriterFilter.java:75) ~[spring-security-web-6.4.5.jar!/:6.4.5]
	at org.springframework.web.filter.OncePerRequestFilter.doFilter(OncePerRequestFilter.java:116) ~[spring-web-6.2.6.jar!/:6.2.6]
	at org.springframework.security.web.FilterChainProxy$VirtualFilterChain.doFilter(FilterChainProxy.java:374) ~[spring-security-web-6.4.5.jar!/:6.4.5]
	at org.springframework.security.web.context.SecurityContextHolderFilter.doFilter(SecurityContextHolderFilter.java:82) ~[spring-security-web-6.4.5.jar!/:6.4.5]
	at org.springframework.security.web.context.SecurityContextHolderFilter.doFilter(SecurityContextHolderFilter.java:69) ~[spring-security-web-6.4.5.jar!/:6.4.5]
	at org.springframework.security.web.FilterChainProxy$VirtualFilterChain.doFilter(FilterChainProxy.java:374) ~[spring-security-web-6.4.5.jar!/:6.4.5]
	at org.springframework.security.web.context.request.async.WebAsyncManagerIntegrationFilter.doFilterInternal(WebAsyncManagerIntegrationFilter.java:62) ~[spring-security-web-6.4.5.jar!/:6.4.5]
	at org.springframework.web.filter.OncePerRequestFilter.doFilter(OncePerRequestFilter.java:116) ~[spring-web-6.2.6.jar!/:6.2.6]
	at org.springframework.security.web.FilterChainProxy$VirtualFilterChain.doFilter(FilterChainProxy.java:374) ~[spring-security-web-6.4.5.jar!/:6.4.5]
	at org.springframework.security.web.session.DisableEncodeUrlFilter.doFilterInternal(DisableEncodeUrlFilter.java:42) ~[spring-security-web-6.4.5.jar!/:6.4.5]
	at org.springframework.web.filter.OncePerRequestFilter.doFilter(OncePerRequestFilter.java:116) ~[spring-web-6.2.6.jar!/:6.2.6]
	at org.springframework.security.web.FilterChainProxy$VirtualFilterChain.doFilter(FilterChainProxy.java:374) ~[spring-security-web-6.4.5.jar!/:6.4.5]
	at org.springframework.security.web.FilterChainProxy.doFilterInternal(FilterChainProxy.java:233) ~[spring-security-web-6.4.5.jar!/:6.4.5]
	at org.springframework.security.web.FilterChainProxy.doFilter(FilterChainProxy.java:191) ~[spring-security-web-6.4.5.jar!/:6.4.5]
	at org.springframework.web.filter.CompositeFilter$VirtualFilterChain.doFilter(CompositeFilter.java:113) ~[spring-web-6.2.6.jar!/:6.2.6]
	at org.springframework.web.servlet.handler.HandlerMappingIntrospector.lambda$createCacheFilter$3(HandlerMappingIntrospector.java:243) ~[spring-webmvc-6.2.6.jar!/:6.2.6]
	at org.springframework.web.filter.CompositeFilter$VirtualFilterChain.doFilter(CompositeFilter.java:113) ~[spring-web-6.2.6.jar!/:6.2.6]
	at org.springframework.web.filter.CompositeFilter.doFilter(CompositeFilter.java:74) ~[spring-web-6.2.6.jar!/:6.2.6]
	at org.springframework.security.config.annotation.web.configuration.WebMvcSecurityConfiguration$CompositeFilterChainProxy.doFilter(WebMvcSecurityConfiguration.java:238) ~[spring-security-config-6.4.5.jar!/:6.4.5]
	at org.springframework.web.filter.DelegatingFilterProxy.invokeDelegate(DelegatingFilterProxy.java:362) ~[spring-web-6.2.6.jar!/:6.2.6]
	at org.springframework.web.filter.DelegatingFilterProxy.doFilter(DelegatingFilterProxy.java:278) ~[spring-web-6.2.6.jar!/:6.2.6]
	at org.apache.catalina.core.ApplicationFilterChain.internalDoFilter(ApplicationFilterChain.java:164) ~[tomcat-embed-core-10.1.40.jar!/:na]
	at org.apache.catalina.core.ApplicationFilterChain.doFilter(ApplicationFilterChain.java:140) ~[tomcat-embed-core-10.1.40.jar!/:na]
	at org.springframework.web.filter.RequestContextFilter.doFilterInternal(RequestContextFilter.java:100) ~[spring-web-6.2.6.jar!/:6.2.6]
	at org.springframework.web.filter.OncePerRequestFilter.doFilter(OncePerRequestFilter.java:116) ~[spring-web-6.2.6.jar!/:6.2.6]
	at org.apache.catalina.core.ApplicationFilterChain.internalDoFilter(ApplicationFilterChain.java:164) ~[tomcat-embed-core-10.1.40.jar!/:na]
	at org.apache.catalina.core.ApplicationFilterChain.doFilter(ApplicationFilterChain.java:140) ~[tomcat-embed-core-10.1.40.jar!/:na]
	at org.springframework.web.filter.FormContentFilter.doFilterInternal(FormContentFilter.java:93) ~[spring-web-6.2.6.jar!/:6.2.6]
	at org.springframework.web.filter.OncePerRequestFilter.doFilter(OncePerRequestFilter.java:116) ~[spring-web-6.2.6.jar!/:6.2.6]
	at org.apache.catalina.core.ApplicationFilterChain.internalDoFilter(ApplicationFilterChain.java:164) ~[tomcat-embed-core-10.1.40.jar!/:na]
	at org.apache.catalina.core.ApplicationFilterChain.doFilter(ApplicationFilterChain.java:140) ~[tomcat-embed-core-10.1.40.jar!/:na]
	at org.springframework.web.filter.CharacterEncodingFilter.doFilterInternal(CharacterEncodingFilter.java:201) ~[spring-web-6.2.6.jar!/:6.2.6]
	at org.springframework.web.filter.OncePerRequestFilter.doFilter(OncePerRequestFilter.java:116) ~[spring-web-6.2.6.jar!/:6.2.6]
	at org.apache.catalina.core.ApplicationFilterChain.internalDoFilter(ApplicationFilterChain.java:164) ~[tomcat-embed-core-10.1.40.jar!/:na]
	at org.apache.catalina.core.ApplicationFilterChain.doFilter(ApplicationFilterChain.java:140) ~[tomcat-embed-core-10.1.40.jar!/:na]
	at org.apache.catalina.core.StandardWrapperValve.invoke(StandardWrapperValve.java:167) ~[tomcat-embed-core-10.1.40.jar!/:na]
	at org.apache.catalina.core.StandardContextValve.invoke(StandardContextValve.java:90) ~[tomcat-embed-core-10.1.40.jar!/:na]
	at org.apache.catalina.authenticator.AuthenticatorBase.invoke(AuthenticatorBase.java:483) ~[tomcat-embed-core-10.1.40.jar!/:na]
	at org.apache.catalina.core.StandardHostValve.invoke(StandardHostValve.java:116) ~[tomcat-embed-core-10.1.40.jar!/:na]
	at org.apache.catalina.valves.ErrorReportValve.invoke(ErrorReportValve.java:93) ~[tomcat-embed-core-10.1.40.jar!/:na]
	at org.apache.catalina.core.StandardEngineValve.invoke(StandardEngineValve.java:74) ~[tomcat-embed-core-10.1.40.jar!/:na]
	at org.apache.catalina.connector.CoyoteAdapter.service(CoyoteAdapter.java:344) ~[tomcat-embed-core-10.1.40.jar!/:na]
	at org.apache.coyote.http11.Http11Processor.service(Http11Processor.java:398) ~[tomcat-embed-core-10.1.40.jar!/:na]
	at org.apache.coyote.AbstractProcessorLight.process(AbstractProcessorLight.java:63) ~[tomcat-embed-core-10.1.40.jar!/:na]
	at org.apache.coyote.AbstractProtocol$ConnectionHandler.process(AbstractProtocol.java:903) ~[tomcat-embed-core-10.1.40.jar!/:na]
	at org.apache.tomcat.util.net.NioEndpoint$SocketProcessor.doRun(NioEndpoint.java:1740) ~[tomcat-embed-core-10.1.40.jar!/:na]
	at org.apache.tomcat.util.net.SocketProcessorBase.run(SocketProcessorBase.java:52) ~[tomcat-embed-core-10.1.40.jar!/:na]
	at org.apache.tomcat.util.threads.ThreadPoolExecutor.runWorker(ThreadPoolExecutor.java:1189) ~[tomcat-embed-core-10.1.40.jar!/:na]
	at org.apache.tomcat.util.threads.ThreadPoolExecutor$Worker.run(ThreadPoolExecutor.java:658) ~[tomcat-embed-core-10.1.40.jar!/:na]
	at org.apache.tomcat.util.threads.TaskThread$WrappingRunnable.run(TaskThread.java:63) ~[tomcat-embed-core-10.1.40.jar!/:na]
	at java.base/java.lang.Thread.run(Thread.java:1583) ~[na:na]
Caused by: org.opensearch.client.opensearch._types.OpenSearchException: Request failed: [search_phase_execution_exception] all shards failed
	at org.opensearch.client.transport.Endpoint.exceptionConverter(Endpoint.java:102) ~[opensearch-java-2.19.0.jar!/:na]
	at org.opensearch.client.transport.httpclient5.ApacheHttpClient5Transport.prepareResponse(ApacheHttpClient5Transport.java:547) ~[opensearch-java-2.19.0.jar!/:na]
	at org.opensearch.client.transport.httpclient5.ApacheHttpClient5Transport.lambda$performRequestAsync$0(ApacheHttpClient5Transport.java:191) ~[opensearch-java-2.19.0.jar!/:na]
	at java.base/java.util.concurrent.CompletableFuture$UniApply.tryFire(CompletableFuture.java:646) ~[na:na]
	at java.base/java.util.concurrent.CompletableFuture.postComplete(CompletableFuture.java:510) ~[na:na]
	at java.base/java.util.concurrent.CompletableFuture.complete(CompletableFuture.java:2179) ~[na:na]
	at org.opensearch.client.transport.httpclient5.ApacheHttpClient5Transport$1.completed(ApacheHttpClient5Transport.java:236) ~[opensearch-java-2.19.0.jar!/:na]
	at org.opensearch.client.transport.httpclient5.ApacheHttpClient5Transport$1.completed(ApacheHttpClient5Transport.java:225) ~[opensearch-java-2.19.0.jar!/:na]
	at org.apache.hc.core5.concurrent.BasicFuture.completed(BasicFuture.java:148) ~[httpcore5-5.3.4.jar!/:5.3.4]
	at org.apache.hc.core5.concurrent.ComplexFuture.completed(ComplexFuture.java:72) ~[httpcore5-5.3.4.jar!/:5.3.4]
	at org.apache.hc.client5.http.impl.async.InternalAbstractHttpAsyncClient$2$1.completed(InternalAbstractHttpAsyncClient.java:318) ~[httpclient5-5.4.3.jar!/:5.4.3]
	at org.apache.hc.core5.http.nio.support.AbstractAsyncResponseConsumer$1.completed(AbstractAsyncResponseConsumer.java:101) ~[httpcore5-5.3.4.jar!/:5.3.4]
	at org.apache.hc.core5.http.nio.entity.AbstractBinAsyncEntityConsumer.completed(AbstractBinAsyncEntityConsumer.java:87) ~[httpcore5-5.3.4.jar!/:5.3.4]
	at org.apache.hc.core5.http.nio.entity.AbstractBinDataConsumer.streamEnd(AbstractBinDataConsumer.java:83) ~[httpcore5-5.3.4.jar!/:5.3.4]
	at org.apache.hc.core5.http.nio.support.AbstractAsyncResponseConsumer.streamEnd(AbstractAsyncResponseConsumer.java:142) ~[httpcore5-5.3.4.jar!/:5.3.4]
	at org.apache.hc.client5.http.impl.async.HttpAsyncMainClientExec$1.streamEnd(HttpAsyncMainClientExec.java:283) ~[httpclient5-5.4.3.jar!/:5.4.3]
	at org.apache.hc.core5.http2.impl.nio.ClientH2StreamHandler.consumeData(ClientH2StreamHandler.java:242) ~[httpcore5-h2-5.3.4.jar!/:5.3.4]
	at org.apache.hc.core5.http2.impl.nio.AbstractH2StreamMultiplexer$H2Stream.consumeData(AbstractH2StreamMultiplexer.java:1645) ~[httpcore5-h2-5.3.4.jar!/:5.3.4]
	at org.apache.hc.core5.http2.impl.nio.AbstractH2StreamMultiplexer.consumeDataFrame(AbstractH2StreamMultiplexer.java:1049) ~[httpcore5-h2-5.3.4.jar!/:5.3.4]
	at org.apache.hc.core5.http2.impl.nio.AbstractH2StreamMultiplexer.consumeFrame(AbstractH2StreamMultiplexer.java:738) ~[httpcore5-h2-5.3.4.jar!/:5.3.4]
	at org.apache.hc.core5.http2.impl.nio.AbstractH2StreamMultiplexer.onInput(AbstractH2StreamMultiplexer.java:447) ~[httpcore5-h2-5.3.4.jar!/:5.3.4]
	at org.apache.hc.core5.http2.impl.nio.AbstractH2IOEventHandler.inputReady(AbstractH2IOEventHandler.java:65) ~[httpcore5-h2-5.3.4.jar!/:5.3.4]
	at org.apache.hc.core5.http2.impl.nio.ClientH2IOEventHandler.inputReady(ClientH2IOEventHandler.java:39) ~[httpcore5-h2-5.3.4.jar!/:5.3.4]
	at org.apache.hc.core5.reactor.ssl.SSLIOSession.decryptData(SSLIOSession.java:618) ~[httpcore5-5.3.4.jar!/:5.3.4]
	at org.apache.hc.core5.reactor.ssl.SSLIOSession.access$200(SSLIOSession.java:74) ~[httpcore5-5.3.4.jar!/:5.3.4]
	at org.apache.hc.core5.reactor.ssl.SSLIOSession$1.inputReady(SSLIOSession.java:204) ~[httpcore5-5.3.4.jar!/:5.3.4]
	at org.apache.hc.core5.reactor.InternalDataChannel.onIOEvent(InternalDataChannel.java:143) ~[httpcore5-5.3.4.jar!/:5.3.4]
	at org.apache.hc.core5.reactor.InternalChannel.handleIOEvent(InternalChannel.java:51) ~[httpcore5-5.3.4.jar!/:5.3.4]
	at org.apache.hc.core5.reactor.SingleCoreIOReactor.processEvents(SingleCoreIOReactor.java:176) ~[httpcore5-5.3.4.jar!/:5.3.4]
	at org.apache.hc.core5.reactor.SingleCoreIOReactor.doExecute(SingleCoreIOReactor.java:125) ~[httpcore5-5.3.4.jar!/:5.3.4]
	at org.apache.hc.core5.reactor.AbstractSingleCoreIOReactor.execute(AbstractSingleCoreIOReactor.java:92) ~[httpcore5-5.3.4.jar!/:5.3.4]
	at org.apache.hc.core5.reactor.IOReactorWorker.run(IOReactorWorker.java:44) ~[httpcore5-5.3.4.jar!/:5.3.4]
	... 1 common frames omitted

2026-03-23T17:01:23.162+08:00 DEBUG 86664 --- [DocumentManagement] [nio-8080-exec-3] o.s.security.web.FilterChainProxy        : Securing GET /api/dashboard/my-tasks
2026-03-23T17:01:23.175+08:00 DEBUG 86664 --- [DocumentManagement] [nio-8080-exec-3] o.s.s.a.dao.DaoAuthenticationProvider    : Authenticated user
2026-03-23T17:01:23.177+08:00 DEBUG 86664 --- [DocumentManagement] [nio-8080-exec-3] o.s.s.w.a.www.BasicAuthenticationFilter  : Set SecurityContextHolder to UsernamePasswordAuthenticationToken [Principal=org.springframework.security.core.userdetails.User [Username=gloria, Password=[PROTECTED], Enabled=true, AccountNonExpired=true, CredentialsNonExpired=true, AccountNonLocked=true, Granted Authorities=[ROLE_SYS_ADMIN]], Credentials=[PROTECTED], Authenticated=true, Details=WebAuthenticationDetails [RemoteIpAddress=0:0:0:0:0:0:0:1, SessionId=null], Granted Authorities=[ROLE_SYS_ADMIN]]
2026-03-23T17:01:23.177+08:00 DEBUG 86664 --- [DocumentManagement] [nio-8080-exec-3] o.s.security.web.FilterChainProxy        : Secured GET /api/dashboard/my-tasks
2026-03-23T17:01:23.196+08:00 ERROR 86664 --- [DocumentManagement] [nio-8080-exec-3] c.dms.exception.GlobalExceptionHandler   : Unhandled exception

org.opensearch.client.opensearch._types.OpenSearchException: Request failed: [search_phase_execution_exception] all shards failed
	at org.opensearch.client.transport.httpclient5.ApacheHttpClient5Transport.extractAndWrapCause(ApacheHttpClient5Transport.java:1153) ~[opensearch-java-2.19.0.jar!/:na]
	at org.opensearch.client.transport.httpclient5.ApacheHttpClient5Transport.performRequest(ApacheHttpClient5Transport.java:158) ~[opensearch-java-2.19.0.jar!/:na]
	at org.opensearch.client.opensearch.OpenSearchClient.search(OpenSearchClient.java:1386) ~[opensearch-java-2.19.0.jar!/:na]
	at com.dms.repository.BaseOpenSearchRepository.search(BaseOpenSearchRepository.java:154) ~[!/:0.0.1-SNAPSHOT]
	at com.dms.task.repository.UserTaskRepository.searchSafely(UserTaskRepository.java:91) ~[!/:0.0.1-SNAPSHOT]
	at com.dms.task.repository.UserTaskRepository.findByAssigneeUsernameIgnoreCaseOrderByDueDateAsc(UserTaskRepository.java:59) ~[!/:0.0.1-SNAPSHOT]
	at java.base/jdk.internal.reflect.DirectMethodHandleAccessor.invoke(DirectMethodHandleAccessor.java:103) ~[na:na]
	at java.base/java.lang.reflect.Method.invoke(Method.java:580) ~[na:na]
	at org.springframework.aop.support.AopUtils.invokeJoinpointUsingReflection(AopUtils.java:359) ~[spring-aop-6.2.6.jar!/:6.2.6]
	at org.springframework.aop.framework.ReflectiveMethodInvocation.invokeJoinpoint(ReflectiveMethodInvocation.java:196) ~[spring-aop-6.2.6.jar!/:6.2.6]
	at org.springframework.aop.framework.ReflectiveMethodInvocation.proceed(ReflectiveMethodInvocation.java:163) ~[spring-aop-6.2.6.jar!/:6.2.6]
	at org.springframework.dao.support.PersistenceExceptionTranslationInterceptor.invoke(PersistenceExceptionTranslationInterceptor.java:138) ~[spring-tx-6.2.6.jar!/:6.2.6]
	at org.springframework.aop.framework.ReflectiveMethodInvocation.proceed(ReflectiveMethodInvocation.java:184) ~[spring-aop-6.2.6.jar!/:6.2.6]
	at org.springframework.aop.framework.CglibAopProxy$DynamicAdvisedInterceptor.intercept(CglibAopProxy.java:728) ~[spring-aop-6.2.6.jar!/:6.2.6]
	at com.dms.task.repository.UserTaskRepository$$SpringCGLIB$$0.findByAssigneeUsernameIgnoreCaseOrderByDueDateAsc(<generated>) ~[!/:0.0.1-SNAPSHOT]
	at com.dms.task.service.UserDashboardService.buildDashboardFor(UserDashboardService.java:31) ~[!/:0.0.1-SNAPSHOT]
	at java.base/jdk.internal.reflect.DirectMethodHandleAccessor.invoke(DirectMethodHandleAccessor.java:103) ~[na:na]
	at java.base/java.lang.reflect.Method.invoke(Method.java:580) ~[na:na]
	at org.springframework.aop.support.AopUtils.invokeJoinpointUsingReflection(AopUtils.java:359) ~[spring-aop-6.2.6.jar!/:6.2.6]
	at org.springframework.aop.framework.ReflectiveMethodInvocation.invokeJoinpoint(ReflectiveMethodInvocation.java:196) ~[spring-aop-6.2.6.jar!/:6.2.6]
	at org.springframework.aop.framework.ReflectiveMethodInvocation.proceed(ReflectiveMethodInvocation.java:163) ~[spring-aop-6.2.6.jar!/:6.2.6]
	at org.springframework.transaction.interceptor.TransactionAspectSupport.invokeWithinTransaction(TransactionAspectSupport.java:380) ~[spring-tx-6.2.6.jar!/:6.2.6]
	at org.springframework.transaction.interceptor.TransactionInterceptor.invoke(TransactionInterceptor.java:119) ~[spring-tx-6.2.6.jar!/:6.2.6]
	at org.springframework.aop.framework.ReflectiveMethodInvocation.proceed(ReflectiveMethodInvocation.java:184) ~[spring-aop-6.2.6.jar!/:6.2.6]
	at org.springframework.aop.framework.CglibAopProxy$DynamicAdvisedInterceptor.intercept(CglibAopProxy.java:728) ~[spring-aop-6.2.6.jar!/:6.2.6]
	at com.dms.task.service.UserDashboardService$$SpringCGLIB$$0.buildDashboardFor(<generated>) ~[!/:0.0.1-SNAPSHOT]
	at com.dms.task.controller.UserDashboardController.currentUserTasks(UserDashboardController.java:29) ~[!/:0.0.1-SNAPSHOT]
	at java.base/jdk.internal.reflect.DirectMethodHandleAccessor.invoke(DirectMethodHandleAccessor.java:103) ~[na:na]
	at java.base/java.lang.reflect.Method.invoke(Method.java:580) ~[na:na]
	at org.springframework.web.method.support.InvocableHandlerMethod.doInvoke(InvocableHandlerMethod.java:258) ~[spring-web-6.2.6.jar!/:6.2.6]
	at org.springframework.web.method.support.InvocableHandlerMethod.invokeForRequest(InvocableHandlerMethod.java:191) ~[spring-web-6.2.6.jar!/:6.2.6]
	at org.springframework.web.servlet.mvc.method.annotation.ServletInvocableHandlerMethod.invokeAndHandle(ServletInvocableHandlerMethod.java:118) ~[spring-webmvc-6.2.6.jar!/:6.2.6]
	at org.springframework.web.servlet.mvc.method.annotation.RequestMappingHandlerAdapter.invokeHandlerMethod(RequestMappingHandlerAdapter.java:986) ~[spring-webmvc-6.2.6.jar!/:6.2.6]
	at org.springframework.web.servlet.mvc.method.annotation.RequestMappingHandlerAdapter.handleInternal(RequestMappingHandlerAdapter.java:891) ~[spring-webmvc-6.2.6.jar!/:6.2.6]
	at org.springframework.web.servlet.mvc.method.AbstractHandlerMethodAdapter.handle(AbstractHandlerMethodAdapter.java:87) ~[spring-webmvc-6.2.6.jar!/:6.2.6]
	at org.springframework.web.servlet.DispatcherServlet.doDispatch(DispatcherServlet.java:1089) ~[spring-webmvc-6.2.6.jar!/:6.2.6]
	at org.springframework.web.servlet.DispatcherServlet.doService(DispatcherServlet.java:979) ~[spring-webmvc-6.2.6.jar!/:6.2.6]
	at org.springframework.web.servlet.FrameworkServlet.processRequest(FrameworkServlet.java:1014) ~[spring-webmvc-6.2.6.jar!/:6.2.6]
	at org.springframework.web.servlet.FrameworkServlet.doGet(FrameworkServlet.java:903) ~[spring-webmvc-6.2.6.jar!/:6.2.6]
	at jakarta.servlet.http.HttpServlet.service(HttpServlet.java:564) ~[tomcat-embed-core-10.1.40.jar!/:na]
	at org.springframework.web.servlet.FrameworkServlet.service(FrameworkServlet.java:885) ~[spring-webmvc-6.2.6.jar!/:6.2.6]
	at jakarta.servlet.http.HttpServlet.service(HttpServlet.java:658) ~[tomcat-embed-core-10.1.40.jar!/:na]
	at org.apache.catalina.core.ApplicationFilterChain.internalDoFilter(ApplicationFilterChain.java:195) ~[tomcat-embed-core-10.1.40.jar!/:na]
	at org.apache.catalina.core.ApplicationFilterChain.doFilter(ApplicationFilterChain.java:140) ~[tomcat-embed-core-10.1.40.jar!/:na]
	at org.apache.tomcat.websocket.server.WsFilter.doFilter(WsFilter.java:51) ~[tomcat-embed-websocket-10.1.40.jar!/:na]
	at org.apache.catalina.core.ApplicationFilterChain.internalDoFilter(ApplicationFilterChain.java:164) ~[tomcat-embed-core-10.1.40.jar!/:na]
	at org.apache.catalina.core.ApplicationFilterChain.doFilter(ApplicationFilterChain.java:140) ~[tomcat-embed-core-10.1.40.jar!/:na]
	at org.springframework.web.filter.CompositeFilter$VirtualFilterChain.doFilter(CompositeFilter.java:108) ~[spring-web-6.2.6.jar!/:6.2.6]
	at org.springframework.security.web.FilterChainProxy.lambda$doFilterInternal$3(FilterChainProxy.java:231) ~[spring-security-web-6.4.5.jar!/:6.4.5]
	at org.springframework.security.web.FilterChainProxy$VirtualFilterChain.doFilter(FilterChainProxy.java:365) ~[spring-security-web-6.4.5.jar!/:6.4.5]
	at org.springframework.security.web.access.intercept.AuthorizationFilter.doFilter(AuthorizationFilter.java:101) ~[spring-security-web-6.4.5.jar!/:6.4.5]
	at org.springframework.security.web.FilterChainProxy$VirtualFilterChain.doFilter(FilterChainProxy.java:374) ~[spring-security-web-6.4.5.jar!/:6.4.5]
	at org.springframework.security.web.access.ExceptionTranslationFilter.doFilter(ExceptionTranslationFilter.java:126) ~[spring-security-web-6.4.5.jar!/:6.4.5]
	at org.springframework.security.web.access.ExceptionTranslationFilter.doFilter(ExceptionTranslationFilter.java:120) ~[spring-security-web-6.4.5.jar!/:6.4.5]
	at org.springframework.security.web.FilterChainProxy$VirtualFilterChain.doFilter(FilterChainProxy.java:374) ~[spring-security-web-6.4.5.jar!/:6.4.5]
	at org.springframework.security.web.authentication.AnonymousAuthenticationFilter.doFilter(AnonymousAuthenticationFilter.java:100) ~[spring-security-web-6.4.5.jar!/:6.4.5]
	at org.springframework.security.web.FilterChainProxy$VirtualFilterChain.doFilter(FilterChainProxy.java:374) ~[spring-security-web-6.4.5.jar!/:6.4.5]
	at org.springframework.security.web.servletapi.SecurityContextHolderAwareRequestFilter.doFilter(SecurityContextHolderAwareRequestFilter.java:179) ~[spring-security-web-6.4.5.jar!/:6.4.5]
	at org.springframework.security.web.FilterChainProxy$VirtualFilterChain.doFilter(FilterChainProxy.java:374) ~[spring-security-web-6.4.5.jar!/:6.4.5]
	at org.springframework.security.web.savedrequest.RequestCacheAwareFilter.doFilter(RequestCacheAwareFilter.java:63) ~[spring-security-web-6.4.5.jar!/:6.4.5]
	at org.springframework.security.web.FilterChainProxy$VirtualFilterChain.doFilter(FilterChainProxy.java:374) ~[spring-security-web-6.4.5.jar!/:6.4.5]
	at org.springframework.security.web.authentication.www.BasicAuthenticationFilter.doFilterInternal(BasicAuthenticationFilter.java:213) ~[spring-security-web-6.4.5.jar!/:6.4.5]
	at org.springframework.web.filter.OncePerRequestFilter.doFilter(OncePerRequestFilter.java:116) ~[spring-web-6.2.6.jar!/:6.2.6]
	at org.springframework.security.web.FilterChainProxy$VirtualFilterChain.doFilter(FilterChainProxy.java:374) ~[spring-security-web-6.4.5.jar!/:6.4.5]
	at org.springframework.security.web.authentication.logout.LogoutFilter.doFilter(LogoutFilter.java:107) ~[spring-security-web-6.4.5.jar!/:6.4.5]
	at org.springframework.security.web.authentication.logout.LogoutFilter.doFilter(LogoutFilter.java:93) ~[spring-security-web-6.4.5.jar!/:6.4.5]
	at org.springframework.security.web.FilterChainProxy$VirtualFilterChain.doFilter(FilterChainProxy.java:374) ~[spring-security-web-6.4.5.jar!/:6.4.5]
	at org.springframework.security.web.header.HeaderWriterFilter.doHeadersAfter(HeaderWriterFilter.java:90) ~[spring-security-web-6.4.5.jar!/:6.4.5]
	at org.springframework.security.web.header.HeaderWriterFilter.doFilterInternal(HeaderWriterFilter.java:75) ~[spring-security-web-6.4.5.jar!/:6.4.5]
	at org.springframework.web.filter.OncePerRequestFilter.doFilter(OncePerRequestFilter.java:116) ~[spring-web-6.2.6.jar!/:6.2.6]
	at org.springframework.security.web.FilterChainProxy$VirtualFilterChain.doFilter(FilterChainProxy.java:374) ~[spring-security-web-6.4.5.jar!/:6.4.5]
	at org.springframework.security.web.context.SecurityContextHolderFilter.doFilter(SecurityContextHolderFilter.java:82) ~[spring-security-web-6.4.5.jar!/:6.4.5]
	at org.springframework.security.web.context.SecurityContextHolderFilter.doFilter(SecurityContextHolderFilter.java:69) ~[spring-security-web-6.4.5.jar!/:6.4.5]
	at org.springframework.security.web.FilterChainProxy$VirtualFilterChain.doFilter(FilterChainProxy.java:374) ~[spring-security-web-6.4.5.jar!/:6.4.5]
	at org.springframework.security.web.context.request.async.WebAsyncManagerIntegrationFilter.doFilterInternal(WebAsyncManagerIntegrationFilter.java:62) ~[spring-security-web-6.4.5.jar!/:6.4.5]
	at org.springframework.web.filter.OncePerRequestFilter.doFilter(OncePerRequestFilter.java:116) ~[spring-web-6.2.6.jar!/:6.2.6]
	at org.springframework.security.web.FilterChainProxy$VirtualFilterChain.doFilter(FilterChainProxy.java:374) ~[spring-security-web-6.4.5.jar!/:6.4.5]
	at org.springframework.security.web.session.DisableEncodeUrlFilter.doFilterInternal(DisableEncodeUrlFilter.java:42) ~[spring-security-web-6.4.5.jar!/:6.4.5]
	at org.springframework.web.filter.OncePerRequestFilter.doFilter(OncePerRequestFilter.java:116) ~[spring-web-6.2.6.jar!/:6.2.6]
	at org.springframework.security.web.FilterChainProxy$VirtualFilterChain.doFilter(FilterChainProxy.java:374) ~[spring-security-web-6.4.5.jar!/:6.4.5]
	at org.springframework.security.web.FilterChainProxy.doFilterInternal(FilterChainProxy.java:233) ~[spring-security-web-6.4.5.jar!/:6.4.5]
	at org.springframework.security.web.FilterChainProxy.doFilter(FilterChainProxy.java:191) ~[spring-security-web-6.4.5.jar!/:6.4.5]
	at org.springframework.web.filter.CompositeFilter$VirtualFilterChain.doFilter(CompositeFilter.java:113) ~[spring-web-6.2.6.jar!/:6.2.6]
	at org.springframework.web.servlet.handler.HandlerMappingIntrospector.lambda$createCacheFilter$3(HandlerMappingIntrospector.java:243) ~[spring-webmvc-6.2.6.jar!/:6.2.6]
	at org.springframework.web.filter.CompositeFilter$VirtualFilterChain.doFilter(CompositeFilter.java:113) ~[spring-web-6.2.6.jar!/:6.2.6]
	at org.springframework.web.filter.CompositeFilter.doFilter(CompositeFilter.java:74) ~[spring-web-6.2.6.jar!/:6.2.6]
	at org.springframework.security.config.annotation.web.configuration.WebMvcSecurityConfiguration$CompositeFilterChainProxy.doFilter(WebMvcSecurityConfiguration.java:238) ~[spring-security-config-6.4.5.jar!/:6.4.5]
	at org.springframework.web.filter.DelegatingFilterProxy.invokeDelegate(DelegatingFilterProxy.java:362) ~[spring-web-6.2.6.jar!/:6.2.6]
	at org.springframework.web.filter.DelegatingFilterProxy.doFilter(DelegatingFilterProxy.java:278) ~[spring-web-6.2.6.jar!/:6.2.6]
	at org.apache.catalina.core.ApplicationFilterChain.internalDoFilter(ApplicationFilterChain.java:164) ~[tomcat-embed-core-10.1.40.jar!/:na]
	at org.apache.catalina.core.ApplicationFilterChain.doFilter(ApplicationFilterChain.java:140) ~[tomcat-embed-core-10.1.40.jar!/:na]
	at org.springframework.web.filter.RequestContextFilter.doFilterInternal(RequestContextFilter.java:100) ~[spring-web-6.2.6.jar!/:6.2.6]
	at org.springframework.web.filter.OncePerRequestFilter.doFilter(OncePerRequestFilter.java:116) ~[spring-web-6.2.6.jar!/:6.2.6]
	at org.apache.catalina.core.ApplicationFilterChain.internalDoFilter(ApplicationFilterChain.java:164) ~[tomcat-embed-core-10.1.40.jar!/:na]
	at org.apache.catalina.core.ApplicationFilterChain.doFilter(ApplicationFilterChain.java:140) ~[tomcat-embed-core-10.1.40.jar!/:na]
	at org.springframework.web.filter.FormContentFilter.doFilterInternal(FormContentFilter.java:93) ~[spring-web-6.2.6.jar!/:6.2.6]
	at org.springframework.web.filter.OncePerRequestFilter.doFilter(OncePerRequestFilter.java:116) ~[spring-web-6.2.6.jar!/:6.2.6]
	at org.apache.catalina.core.ApplicationFilterChain.internalDoFilter(ApplicationFilterChain.java:164) ~[tomcat-embed-core-10.1.40.jar!/:na]
	at org.apache.catalina.core.ApplicationFilterChain.doFilter(ApplicationFilterChain.java:140) ~[tomcat-embed-core-10.1.40.jar!/:na]
	at org.springframework.web.filter.CharacterEncodingFilter.doFilterInternal(CharacterEncodingFilter.java:201) ~[spring-web-6.2.6.jar!/:6.2.6]
	at org.springframework.web.filter.OncePerRequestFilter.doFilter(OncePerRequestFilter.java:116) ~[spring-web-6.2.6.jar!/:6.2.6]
	at org.apache.catalina.core.ApplicationFilterChain.internalDoFilter(ApplicationFilterChain.java:164) ~[tomcat-embed-core-10.1.40.jar!/:na]
	at org.apache.catalina.core.ApplicationFilterChain.doFilter(ApplicationFilterChain.java:140) ~[tomcat-embed-core-10.1.40.jar!/:na]
	at org.apache.catalina.core.StandardWrapperValve.invoke(StandardWrapperValve.java:167) ~[tomcat-embed-core-10.1.40.jar!/:na]
	at org.apache.catalina.core.StandardContextValve.invoke(StandardContextValve.java:90) ~[tomcat-embed-core-10.1.40.jar!/:na]
	at org.apache.catalina.authenticator.AuthenticatorBase.invoke(AuthenticatorBase.java:483) ~[tomcat-embed-core-10.1.40.jar!/:na]
	at org.apache.catalina.core.StandardHostValve.invoke(StandardHostValve.java:116) ~[tomcat-embed-core-10.1.40.jar!/:na]
	at org.apache.catalina.valves.ErrorReportValve.invoke(ErrorReportValve.java:93) ~[tomcat-embed-core-10.1.40.jar!/:na]
	at org.apache.catalina.core.StandardEngineValve.invoke(StandardEngineValve.java:74) ~[tomcat-embed-core-10.1.40.jar!/:na]
	at org.apache.catalina.connector.CoyoteAdapter.service(CoyoteAdapter.java:344) ~[tomcat-embed-core-10.1.40.jar!/:na]
	at org.apache.coyote.http11.Http11Processor.service(Http11Processor.java:398) ~[tomcat-embed-core-10.1.40.jar!/:na]
	at org.apache.coyote.AbstractProcessorLight.process(AbstractProcessorLight.java:63) ~[tomcat-embed-core-10.1.40.jar!/:na]
	at org.apache.coyote.AbstractProtocol$ConnectionHandler.process(AbstractProtocol.java:903) ~[tomcat-embed-core-10.1.40.jar!/:na]
	at org.apache.tomcat.util.net.NioEndpoint$SocketProcessor.doRun(NioEndpoint.java:1740) ~[tomcat-embed-core-10.1.40.jar!/:na]
	at org.apache.tomcat.util.net.SocketProcessorBase.run(SocketProcessorBase.java:52) ~[tomcat-embed-core-10.1.40.jar!/:na]
	at org.apache.tomcat.util.threads.ThreadPoolExecutor.runWorker(ThreadPoolExecutor.java:1189) ~[tomcat-embed-core-10.1.40.jar!/:na]
	at org.apache.tomcat.util.threads.ThreadPoolExecutor$Worker.run(ThreadPoolExecutor.java:658) ~[tomcat-embed-core-10.1.40.jar!/:na]
	at org.apache.tomcat.util.threads.TaskThread$WrappingRunnable.run(TaskThread.java:63) ~[tomcat-embed-core-10.1.40.jar!/:na]
	at java.base/java.lang.Thread.run(Thread.java:1583) ~[na:na]
Caused by: org.opensearch.client.opensearch._types.OpenSearchException: Request failed: [search_phase_execution_exception] all shards failed
	at org.opensearch.client.transport.Endpoint.exceptionConverter(Endpoint.java:102) ~[opensearch-java-2.19.0.jar!/:na]
	at org.opensearch.client.transport.httpclient5.ApacheHttpClient5Transport.prepareResponse(ApacheHttpClient5Transport.java:547) ~[opensearch-java-2.19.0.jar!/:na]
	at org.opensearch.client.transport.httpclient5.ApacheHttpClient5Transport.lambda$performRequestAsync$0(ApacheHttpClient5Transport.java:191) ~[opensearch-java-2.19.0.jar!/:na]
	at java.base/java.util.concurrent.CompletableFuture$UniApply.tryFire(CompletableFuture.java:646) ~[na:na]
	at java.base/java.util.concurrent.CompletableFuture.postComplete(CompletableFuture.java:510) ~[na:na]
	at java.base/java.util.concurrent.CompletableFuture.complete(CompletableFuture.java:2179) ~[na:na]
	at org.opensearch.client.transport.httpclient5.ApacheHttpClient5Transport$1.completed(ApacheHttpClient5Transport.java:236) ~[opensearch-java-2.19.0.jar!/:na]
	at org.opensearch.client.transport.httpclient5.ApacheHttpClient5Transport$1.completed(ApacheHttpClient5Transport.java:225) ~[opensearch-java-2.19.0.jar!/:na]
	at org.apache.hc.core5.concurrent.BasicFuture.completed(BasicFuture.java:148) ~[httpcore5-5.3.4.jar!/:5.3.4]
	at org.apache.hc.core5.concurrent.ComplexFuture.completed(ComplexFuture.java:72) ~[httpcore5-5.3.4.jar!/:5.3.4]
	at org.apache.hc.client5.http.impl.async.InternalAbstractHttpAsyncClient$2$1.completed(InternalAbstractHttpAsyncClient.java:318) ~[httpclient5-5.4.3.jar!/:5.4.3]
	at org.apache.hc.core5.http.nio.support.AbstractAsyncResponseConsumer$1.completed(AbstractAsyncResponseConsumer.java:101) ~[httpcore5-5.3.4.jar!/:5.3.4]
	at org.apache.hc.core5.http.nio.entity.AbstractBinAsyncEntityConsumer.completed(AbstractBinAsyncEntityConsumer.java:87) ~[httpcore5-5.3.4.jar!/:5.3.4]
	at org.apache.hc.core5.http.nio.entity.AbstractBinDataConsumer.streamEnd(AbstractBinDataConsumer.java:83) ~[httpcore5-5.3.4.jar!/:5.3.4]
	at org.apache.hc.core5.http.nio.support.AbstractAsyncResponseConsumer.streamEnd(AbstractAsyncResponseConsumer.java:142) ~[httpcore5-5.3.4.jar!/:5.3.4]
	at org.apache.hc.client5.http.impl.async.HttpAsyncMainClientExec$1.streamEnd(HttpAsyncMainClientExec.java:283) ~[httpclient5-5.4.3.jar!/:5.4.3]
	at org.apache.hc.core5.http2.impl.nio.ClientH2StreamHandler.consumeData(ClientH2StreamHandler.java:242) ~[httpcore5-h2-5.3.4.jar!/:5.3.4]
	at org.apache.hc.core5.http2.impl.nio.AbstractH2StreamMultiplexer$H2Stream.consumeData(AbstractH2StreamMultiplexer.java:1645) ~[httpcore5-h2-5.3.4.jar!/:5.3.4]
	at org.apache.hc.core5.http2.impl.nio.AbstractH2StreamMultiplexer.consumeDataFrame(AbstractH2StreamMultiplexer.java:1049) ~[httpcore5-h2-5.3.4.jar!/:5.3.4]
	at org.apache.hc.core5.http2.impl.nio.AbstractH2StreamMultiplexer.consumeFrame(AbstractH2StreamMultiplexer.java:738) ~[httpcore5-h2-5.3.4.jar!/:5.3.4]
	at org.apache.hc.core5.http2.impl.nio.AbstractH2StreamMultiplexer.onInput(AbstractH2StreamMultiplexer.java:447) ~[httpcore5-h2-5.3.4.jar!/:5.3.4]
	at org.apache.hc.core5.http2.impl.nio.AbstractH2IOEventHandler.inputReady(AbstractH2IOEventHandler.java:65) ~[httpcore5-h2-5.3.4.jar!/:5.3.4]
	at org.apache.hc.core5.http2.impl.nio.ClientH2IOEventHandler.inputReady(ClientH2IOEventHandler.java:39) ~[httpcore5-h2-5.3.4.jar!/:5.3.4]
	at org.apache.hc.core5.reactor.ssl.SSLIOSession.decryptData(SSLIOSession.java:618) ~[httpcore5-5.3.4.jar!/:5.3.4]
	at org.apache.hc.core5.reactor.ssl.SSLIOSession.access$200(SSLIOSession.java:74) ~[httpcore5-5.3.4.jar!/:5.3.4]
	at org.apache.hc.core5.reactor.ssl.SSLIOSession$1.inputReady(SSLIOSession.java:204) ~[httpcore5-5.3.4.jar!/:5.3.4]
	at org.apache.hc.core5.reactor.InternalDataChannel.onIOEvent(InternalDataChannel.java:143) ~[httpcore5-5.3.4.jar!/:5.3.4]
	at org.apache.hc.core5.reactor.InternalChannel.handleIOEvent(InternalChannel.java:51) ~[httpcore5-5.3.4.jar!/:5.3.4]
	at org.apache.hc.core5.reactor.SingleCoreIOReactor.processEvents(SingleCoreIOReactor.java:176) ~[httpcore5-5.3.4.jar!/:5.3.4]
	at org.apache.hc.core5.reactor.SingleCoreIOReactor.doExecute(SingleCoreIOReactor.java:125) ~[httpcore5-5.3.4.jar!/:5.3.4]
	at org.apache.hc.core5.reactor.AbstractSingleCoreIOReactor.execute(AbstractSingleCoreIOReactor.java:92) ~[httpcore5-5.3.4.jar!/:5.3.4]
	at org.apache.hc.core5.reactor.IOReactorWorker.run(IOReactorWorker.java:44) ~[httpcore5-5.3.4.jar!/:5.3.4]
	... 1 common frames omitted

2026-03-23T17:01:23.687+08:00 DEBUG 86664 --- [DocumentManagement] [nio-8080-exec-4] o.s.security.web.FilterChainProxy        : Securing GET /api/folders/tree
2026-03-23T17:01:23.702+08:00 DEBUG 86664 --- [DocumentManagement] [nio-8080-exec-4] o.s.s.a.dao.DaoAuthenticationProvider    : Authenticated user
2026-03-23T17:01:23.703+08:00 DEBUG 86664 --- [DocumentManagement] [nio-8080-exec-4] o.s.s.w.a.www.BasicAuthenticationFilter  : Set SecurityContextHolder to UsernamePasswordAuthenticationToken [Principal=org.springframework.security.core.userdetails.User [Username=gloria, Password=[PROTECTED], Enabled=true, AccountNonExpired=true, CredentialsNonExpired=true, AccountNonLocked=true, Granted Authorities=[ROLE_SYS_ADMIN]], Credentials=[PROTECTED], Authenticated=true, Details=WebAuthenticationDetails [RemoteIpAddress=0:0:0:0:0:0:0:1, SessionId=null], Granted Authorities=[ROLE_SYS_ADMIN]]
2026-03-23T17:01:23.703+08:00 DEBUG 86664 --- [DocumentManagement] [nio-8080-exec-4] o.s.security.web.FilterChainProxy        : Secured GET /api/folders/tree
2026-03-23T17:01:23.728+08:00 DEBUG 86664 --- [DocumentManagement] [nio-8080-exec-5] o.s.security.web.FilterChainProxy        : Securing GET /api/folders/tree
2026-03-23T17:01:23.744+08:00 DEBUG 86664 --- [DocumentManagement] [nio-8080-exec-5] o.s.s.a.dao.DaoAuthenticationProvider    : Authenticated user
2026-03-23T17:01:23.744+08:00 DEBUG 86664 --- [DocumentManagement] [nio-8080-exec-5] o.s.s.w.a.www.BasicAuthenticationFilter  : Set SecurityContextHolder to UsernamePasswordAuthenticationToken [Principal=org.springframework.security.core.userdetails.User [Username=gloria, Password=[PROTECTED], Enabled=true, AccountNonExpired=true, CredentialsNonExpired=true, AccountNonLocked=true, Granted Authorities=[ROLE_SYS_ADMIN]], Credentials=[PROTECTED], Authenticated=true, Details=WebAuthenticationDetails [RemoteIpAddress=0:0:0:0:0:0:0:1, SessionId=null], Granted Authorities=[ROLE_SYS_ADMIN]]
2026-03-23T17:01:23.745+08:00 DEBUG 86664 --- [DocumentManagement] [nio-8080-exec-5] o.s.security.web.FilterChainProxy        : Secured GET /api/folders/tree
2026-03-23T17:01:23.813+08:00 DEBUG 86664 --- [DocumentManagement] [nio-8080-exec-6] o.s.security.web.FilterChainProxy        : Securing GET /api/documents?page=0&size=12&sort=createdAt%2Cdesc
2026-03-23T17:01:23.829+08:00 DEBUG 86664 --- [DocumentManagement] [nio-8080-exec-6] o.s.s.a.dao.DaoAuthenticationProvider    : Authenticated user
2026-03-23T17:01:23.830+08:00 DEBUG 86664 --- [DocumentManagement] [nio-8080-exec-6] o.s.s.w.a.www.BasicAuthenticationFilter  : Set SecurityContextHolder to UsernamePasswordAuthenticationToken [Principal=org.springframework.security.core.userdetails.User [Username=gloria, Password=[PROTECTED], Enabled=true, AccountNonExpired=true, CredentialsNonExpired=true, AccountNonLocked=true, Granted Authorities=[ROLE_SYS_ADMIN]], Credentials=[PROTECTED], Authenticated=true, Details=WebAuthenticationDetails [RemoteIpAddress=0:0:0:0:0:0:0:1, SessionId=null], Granted Authorities=[ROLE_SYS_ADMIN]]
2026-03-23T17:01:23.831+08:00 DEBUG 86664 --- [DocumentManagement] [nio-8080-exec-6] o.s.security.web.FilterChainProxy        : Secured GET /api/documents?page=0&size=12&sort=createdAt%2Cdesc
2026-03-23T17:01:24.117+08:00 DEBUG 86664 --- [DocumentManagement] [nio-8080-exec-7] o.s.security.web.FilterChainProxy        : Securing GET /api/documents?page=0&size=12&sort=createdAt%2Cdesc
2026-03-23T17:01:24.134+08:00 DEBUG 86664 --- [DocumentManagement] [nio-8080-exec-7] o.s.s.a.dao.DaoAuthenticationProvider    : Authenticated user
2026-03-23T17:01:24.135+08:00 DEBUG 86664 --- [DocumentManagement] [nio-8080-exec-7] o.s.s.w.a.www.BasicAuthenticationFilter  : Set SecurityContextHolder to UsernamePasswordAuthenticationToken [Principal=org.springframework.security.core.userdetails.User [Username=gloria, Password=[PROTECTED], Enabled=true, AccountNonExpired=true, CredentialsNonExpired=true, AccountNonLocked=true, Granted Authorities=[ROLE_SYS_ADMIN]], Credentials=[PROTECTED], Authenticated=true, Details=WebAuthenticationDetails [RemoteIpAddress=0:0:0:0:0:0:0:1, SessionId=null], Granted Authorities=[ROLE_SYS_ADMIN]]
2026-03-23T17:01:24.136+08:00 DEBUG 86664 --- [DocumentManagement] [nio-8080-exec-7] o.s.security.web.FilterChainProxy        : Secured GET /api/documents?page=0&size=12&sort=createdAt%2Cdesc
2026-03-23T17:01:26.050+08:00 DEBUG 86664 --- [DocumentManagement] [nio-8080-exec-9] o.s.security.web.FilterChainProxy        : Securing GET /api/audit?limit=100
2026-03-23T17:01:26.066+08:00 DEBUG 86664 --- [DocumentManagement] [nio-8080-exec-9] o.s.s.a.dao.DaoAuthenticationProvider    : Authenticated user
2026-03-23T17:01:26.067+08:00 DEBUG 86664 --- [DocumentManagement] [nio-8080-exec-9] o.s.s.w.a.www.BasicAuthenticationFilter  : Set SecurityContextHolder to UsernamePasswordAuthenticationToken [Principal=org.springframework.security.core.userdetails.User [Username=gloria, Password=[PROTECTED], Enabled=true, AccountNonExpired=true, CredentialsNonExpired=true, AccountNonLocked=true, Granted Authorities=[ROLE_SYS_ADMIN]], Credentials=[PROTECTED], Authenticated=true, Details=WebAuthenticationDetails [RemoteIpAddress=0:0:0:0:0:0:0:1, SessionId=null], Granted Authorities=[ROLE_SYS_ADMIN]]
2026-03-23T17:01:26.067+08:00 DEBUG 86664 --- [DocumentManagement] [nio-8080-exec-9] o.s.security.web.FilterChainProxy        : Secured GET /api/audit?limit=100
2026-03-23T17:01:26.068+08:00 DEBUG 86664 --- [DocumentManagement] [nio-8080-exec-9] horizationManagerBeforeMethodInterceptor : Authorizing method invocation ReflectiveMethodInvocation: public java.util.List com.dms.audit.controller.AuditController.list(int); target is of class [com.dms.audit.controller.AuditController]
2026-03-23T17:01:26.069+08:00 DEBUG 86664 --- [DocumentManagement] [nio-8080-exec-9] horizationManagerBeforeMethodInterceptor : Authorized method invocation ReflectiveMethodInvocation: public java.util.List com.dms.audit.controller.AuditController.list(int); target is of class [com.dms.audit.controller.AuditController]
2026-03-23T17:01:26.080+08:00 DEBUG 86664 --- [DocumentManagement] [io-8080-exec-10] o.s.security.web.FilterChainProxy        : Securing GET /api/audit?limit=100
2026-03-23T17:01:26.098+08:00 DEBUG 86664 --- [DocumentManagement] [io-8080-exec-10] o.s.s.a.dao.DaoAuthenticationProvider    : Authenticated user
2026-03-23T17:01:26.099+08:00 DEBUG 86664 --- [DocumentManagement] [io-8080-exec-10] o.s.s.w.a.www.BasicAuthenticationFilter  : Set SecurityContextHolder to UsernamePasswordAuthenticationToken [Principal=org.springframework.security.core.userdetails.User [Username=gloria, Password=[PROTECTED], Enabled=true, AccountNonExpired=true, CredentialsNonExpired=true, AccountNonLocked=true, Granted Authorities=[ROLE_SYS_ADMIN]], Credentials=[PROTECTED], Authenticated=true, Details=WebAuthenticationDetails [RemoteIpAddress=0:0:0:0:0:0:0:1, SessionId=null], Granted Authorities=[ROLE_SYS_ADMIN]]
2026-03-23T17:01:26.100+08:00 DEBUG 86664 --- [DocumentManagement] [io-8080-exec-10] o.s.security.web.FilterChainProxy        : Secured GET /api/audit?limit=100
2026-03-23T17:01:26.102+08:00 DEBUG 86664 --- [DocumentManagement] [io-8080-exec-10] horizationManagerBeforeMethodInterceptor : Authorizing method invocation ReflectiveMethodInvocation: public java.util.List com.dms.audit.controller.AuditController.list(int); target is of class [com.dms.audit.controller.AuditController]
2026-03-23T17:01:26.103+08:00 DEBUG 86664 --- [DocumentManagement] [io-8080-exec-10] horizationManagerBeforeMethodInterceptor : Authorized method invocation ReflectiveMethodInvocation: public java.util.List com.dms.audit.controller.AuditController.list(int); target is of class [com.dms.audit.controller.AuditController]
2026-03-23T17:01:26.875+08:00 DEBUG 86664 --- [DocumentManagement] [nio-8080-exec-1] o.s.security.web.FilterChainProxy        : Securing GET /api/folders/tree
2026-03-23T17:01:26.895+08:00 DEBUG 86664 --- [DocumentManagement] [nio-8080-exec-1] o.s.s.a.dao.DaoAuthenticationProvider    : Authenticated user
2026-03-23T17:01:26.895+08:00 DEBUG 86664 --- [DocumentManagement] [nio-8080-exec-1] o.s.s.w.a.www.BasicAuthenticationFilter  : Set SecurityContextHolder to UsernamePasswordAuthenticationToken [Principal=org.springframework.security.core.userdetails.User [Username=gloria, Password=[PROTECTED], Enabled=true, AccountNonExpired=true, CredentialsNonExpired=true, AccountNonLocked=true, Granted Authorities=[ROLE_SYS_ADMIN]], Credentials=[PROTECTED], Authenticated=true, Details=WebAuthenticationDetails [RemoteIpAddress=0:0:0:0:0:0:0:1, SessionId=null], Granted Authorities=[ROLE_SYS_ADMIN]]
2026-03-23T17:01:26.896+08:00 DEBUG 86664 --- [DocumentManagement] [nio-8080-exec-1] o.s.security.web.FilterChainProxy        : Secured GET /api/folders/tree
2026-03-23T17:01:26.920+08:00 DEBUG 86664 --- [DocumentManagement] [nio-8080-exec-8] o.s.security.web.FilterChainProxy        : Securing GET /api/folders/tree
2026-03-23T17:01:26.935+08:00 DEBUG 86664 --- [DocumentManagement] [nio-8080-exec-8] o.s.s.a.dao.DaoAuthenticationProvider    : Authenticated user
2026-03-23T17:01:26.936+08:00 DEBUG 86664 --- [DocumentManagement] [nio-8080-exec-8] o.s.s.w.a.www.BasicAuthenticationFilter  : Set SecurityContextHolder to UsernamePasswordAuthenticationToken [Principal=org.springframework.security.core.userdetails.User [Username=gloria, Password=[PROTECTED], Enabled=true, AccountNonExpired=true, CredentialsNonExpired=true, AccountNonLocked=true, Granted Authorities=[ROLE_SYS_ADMIN]], Credentials=[PROTECTED], Authenticated=true, Details=WebAuthenticationDetails [RemoteIpAddress=0:0:0:0:0:0:0:1, SessionId=null], Granted Authorities=[ROLE_SYS_ADMIN]]
2026-03-23T17:01:26.937+08:00 DEBUG 86664 --- [DocumentManagement] [nio-8080-exec-8] o.s.security.web.FilterChainProxy        : Secured GET /api/folders/tree
2026-03-23T17:01:27.004+08:00 DEBUG 86664 --- [DocumentManagement] [nio-8080-exec-2] o.s.security.web.FilterChainProxy        : Securing GET /api/documents?page=0&size=12&sort=createdAt%2Cdesc
2026-03-23T17:01:27.018+08:00 DEBUG 86664 --- [DocumentManagement] [nio-8080-exec-2] o.s.s.a.dao.DaoAuthenticationProvider    : Authenticated user
2026-03-23T17:01:27.019+08:00 DEBUG 86664 --- [DocumentManagement] [nio-8080-exec-2] o.s.s.w.a.www.BasicAuthenticationFilter  : Set SecurityContextHolder to UsernamePasswordAuthenticationToken [Principal=org.springframework.security.core.userdetails.User [Username=gloria, Password=[PROTECTED], Enabled=true, AccountNonExpired=true, CredentialsNonExpired=true, AccountNonLocked=true, Granted Authorities=[ROLE_SYS_ADMIN]], Credentials=[PROTECTED], Authenticated=true, Details=WebAuthenticationDetails [RemoteIpAddress=0:0:0:0:0:0:0:1, SessionId=null], Granted Authorities=[ROLE_SYS_ADMIN]]
2026-03-23T17:01:27.020+08:00 DEBUG 86664 --- [DocumentManagement] [nio-8080-exec-2] o.s.security.web.FilterChainProxy        : Secured GET /api/documents?page=0&size=12&sort=createdAt%2Cdesc
2026-03-23T17:01:27.312+08:00 DEBUG 86664 --- [DocumentManagement] [nio-8080-exec-3] o.s.security.web.FilterChainProxy        : Securing GET /api/documents?page=0&size=12&sort=createdAt%2Cdesc
2026-03-23T17:01:27.327+08:00 DEBUG 86664 --- [DocumentManagement] [nio-8080-exec-3] o.s.s.a.dao.DaoAuthenticationProvider    : Authenticated user
2026-03-23T17:01:27.328+08:00 DEBUG 86664 --- [DocumentManagement] [nio-8080-exec-3] o.s.s.w.a.www.BasicAuthenticationFilter  : Set SecurityContextHolder to UsernamePasswordAuthenticationToken [Principal=org.springframework.security.core.userdetails.User [Username=gloria, Password=[PROTECTED], Enabled=true, AccountNonExpired=true, CredentialsNonExpired=true, AccountNonLocked=true, Granted Authorities=[ROLE_SYS_ADMIN]], Credentials=[PROTECTED], Authenticated=true, Details=WebAuthenticationDetails [RemoteIpAddress=0:0:0:0:0:0:0:1, SessionId=null], Granted Authorities=[ROLE_SYS_ADMIN]]
2026-03-23T17:01:27.330+08:00 DEBUG 86664 --- [DocumentManagement] [nio-8080-exec-3] o.s.security.web.FilterChainProxy        : Secured GET /api/documents?page=0&size=12&sort=createdAt%2Cdesc
2026-03-23T17:01:27.430+08:00 DEBUG 86664 --- [DocumentManagement] [nio-8080-exec-4] o.s.security.web.FilterChainProxy        : Securing GET /api/audit?limit=100
2026-03-23T17:01:27.444+08:00 DEBUG 86664 --- [DocumentManagement] [nio-8080-exec-4] o.s.s.a.dao.DaoAuthenticationProvider    : Authenticated user
2026-03-23T17:01:27.445+08:00 DEBUG 86664 --- [DocumentManagement] [nio-8080-exec-4] o.s.s.w.a.www.BasicAuthenticationFilter  : Set SecurityContextHolder to UsernamePasswordAuthenticationToken [Principal=org.springframework.security.core.userdetails.User [Username=gloria, Password=[PROTECTED], Enabled=true, AccountNonExpired=true, CredentialsNonExpired=true, AccountNonLocked=true, Granted Authorities=[ROLE_SYS_ADMIN]], Credentials=[PROTECTED], Authenticated=true, Details=WebAuthenticationDetails [RemoteIpAddress=0:0:0:0:0:0:0:1, SessionId=null], Granted Authorities=[ROLE_SYS_ADMIN]]
2026-03-23T17:01:27.446+08:00 DEBUG 86664 --- [DocumentManagement] [nio-8080-exec-4] o.s.security.web.FilterChainProxy        : Secured GET /api/audit?limit=100
2026-03-23T17:01:27.449+08:00 DEBUG 86664 --- [DocumentManagement] [nio-8080-exec-4] horizationManagerBeforeMethodInterceptor : Authorizing method invocation ReflectiveMethodInvocation: public java.util.List com.dms.audit.controller.AuditController.list(int); target is of class [com.dms.audit.controller.AuditController]
2026-03-23T17:01:27.450+08:00 DEBUG 86664 --- [DocumentManagement] [nio-8080-exec-4] horizationManagerBeforeMethodInterceptor : Authorized method invocation ReflectiveMethodInvocation: public java.util.List com.dms.audit.controller.AuditController.list(int); target is of class [com.dms.audit.controller.AuditController]
2026-03-23T17:01:27.459+08:00 DEBUG 86664 --- [DocumentManagement] [nio-8080-exec-5] o.s.security.web.FilterChainProxy        : Securing GET /api/audit?limit=100
2026-03-23T17:01:27.475+08:00 DEBUG 86664 --- [DocumentManagement] [nio-8080-exec-5] o.s.s.a.dao.DaoAuthenticationProvider    : Authenticated user
2026-03-23T17:01:27.475+08:00 DEBUG 86664 --- [DocumentManagement] [nio-8080-exec-5] o.s.s.w.a.www.BasicAuthenticationFilter  : Set SecurityContextHolder to UsernamePasswordAuthenticationToken [Principal=org.springframework.security.core.userdetails.User [Username=gloria, Password=[PROTECTED], Enabled=true, AccountNonExpired=true, CredentialsNonExpired=true, AccountNonLocked=true, Granted Authorities=[ROLE_SYS_ADMIN]], Credentials=[PROTECTED], Authenticated=true, Details=WebAuthenticationDetails [RemoteIpAddress=0:0:0:0:0:0:0:1, SessionId=null], Granted Authorities=[ROLE_SYS_ADMIN]]
2026-03-23T17:01:27.477+08:00 DEBUG 86664 --- [DocumentManagement] [nio-8080-exec-5] o.s.security.web.FilterChainProxy        : Secured GET /api/audit?limit=100
2026-03-23T17:01:27.478+08:00 DEBUG 86664 --- [DocumentManagement] [nio-8080-exec-5] horizationManagerBeforeMethodInterceptor : Authorizing method invocation ReflectiveMethodInvocation: public java.util.List com.dms.audit.controller.AuditController.list(int); target is of class [com.dms.audit.controller.AuditController]
2026-03-23T17:01:27.479+08:00 DEBUG 86664 --- [DocumentManagement] [nio-8080-exec-5] horizationManagerBeforeMethodInterceptor : Authorized method invocation ReflectiveMethodInvocation: public java.util.List com.dms.audit.controller.AuditController.list(int); target is of class [com.dms.audit.controller.AuditController]
2026-03-23T17:01:28.760+08:00 DEBUG 86664 --- [DocumentManagement] [nio-8080-exec-6] o.s.security.web.FilterChainProxy        : Securing GET /api/knowledge/topics?page=0&size=8
2026-03-23T17:01:28.761+08:00 DEBUG 86664 --- [DocumentManagement] [nio-8080-exec-7] o.s.security.web.FilterChainProxy        : Securing GET /api/documents?page=0&size=12
2026-03-23T17:01:28.786+08:00 DEBUG 86664 --- [DocumentManagement] [nio-8080-exec-7] o.s.s.a.dao.DaoAuthenticationProvider    : Authenticated user
2026-03-23T17:01:28.786+08:00 DEBUG 86664 --- [DocumentManagement] [nio-8080-exec-6] o.s.s.a.dao.DaoAuthenticationProvider    : Authenticated user
2026-03-23T17:01:28.787+08:00 DEBUG 86664 --- [DocumentManagement] [nio-8080-exec-7] o.s.s.w.a.www.BasicAuthenticationFilter  : Set SecurityContextHolder to UsernamePasswordAuthenticationToken [Principal=org.springframework.security.core.userdetails.User [Username=gloria, Password=[PROTECTED], Enabled=true, AccountNonExpired=true, CredentialsNonExpired=true, AccountNonLocked=true, Granted Authorities=[ROLE_SYS_ADMIN]], Credentials=[PROTECTED], Authenticated=true, Details=WebAuthenticationDetails [RemoteIpAddress=0:0:0:0:0:0:0:1, SessionId=null], Granted Authorities=[ROLE_SYS_ADMIN]]
2026-03-23T17:01:28.788+08:00 DEBUG 86664 --- [DocumentManagement] [nio-8080-exec-6] o.s.s.w.a.www.BasicAuthenticationFilter  : Set SecurityContextHolder to UsernamePasswordAuthenticationToken [Principal=org.springframework.security.core.userdetails.User [Username=gloria, Password=[PROTECTED], Enabled=true, AccountNonExpired=true, CredentialsNonExpired=true, AccountNonLocked=true, Granted Authorities=[ROLE_SYS_ADMIN]], Credentials=[PROTECTED], Authenticated=true, Details=WebAuthenticationDetails [RemoteIpAddress=0:0:0:0:0:0:0:1, SessionId=null], Granted Authorities=[ROLE_SYS_ADMIN]]
2026-03-23T17:01:28.789+08:00 DEBUG 86664 --- [DocumentManagement] [nio-8080-exec-7] o.s.security.web.FilterChainProxy        : Secured GET /api/documents?page=0&size=12
2026-03-23T17:01:28.790+08:00 DEBUG 86664 --- [DocumentManagement] [nio-8080-exec-6] o.s.security.web.FilterChainProxy        : Secured GET /api/knowledge/topics?page=0&size=8
2026-03-23T17:01:28.833+08:00 DEBUG 86664 --- [DocumentManagement] [nio-8080-exec-9] o.s.security.web.FilterChainProxy        : Securing GET /api/knowledge/topics?page=0&size=8
2026-03-23T17:01:28.841+08:00 DEBUG 86664 --- [DocumentManagement] [io-8080-exec-10] o.s.security.web.FilterChainProxy        : Securing GET /api/documents?page=0&size=12
2026-03-23T17:01:28.843+08:00 DEBUG 86664 --- [DocumentManagement] [nio-8080-exec-9] o.s.s.a.dao.DaoAuthenticationProvider    : Authenticated user
2026-03-23T17:01:28.843+08:00 DEBUG 86664 --- [DocumentManagement] [nio-8080-exec-9] o.s.s.w.a.www.BasicAuthenticationFilter  : Set SecurityContextHolder to UsernamePasswordAuthenticationToken [Principal=org.springframework.security.core.userdetails.User [Username=gloria, Password=[PROTECTED], Enabled=true, AccountNonExpired=true, CredentialsNonExpired=true, AccountNonLocked=true, Granted Authorities=[ROLE_SYS_ADMIN]], Credentials=[PROTECTED], Authenticated=true, Details=WebAuthenticationDetails [RemoteIpAddress=0:0:0:0:0:0:0:1, SessionId=null], Granted Authorities=[ROLE_SYS_ADMIN]]
2026-03-23T17:01:28.844+08:00 DEBUG 86664 --- [DocumentManagement] [nio-8080-exec-9] o.s.security.web.FilterChainProxy        : Secured GET /api/knowledge/topics?page=0&size=8
2026-03-23T17:01:28.852+08:00 DEBUG 86664 --- [DocumentManagement] [io-8080-exec-10] o.s.s.a.dao.DaoAuthenticationProvider    : Authenticated user
2026-03-23T17:01:28.853+08:00 DEBUG 86664 --- [DocumentManagement] [io-8080-exec-10] o.s.s.w.a.www.BasicAuthenticationFilter  : Set SecurityContextHolder to UsernamePasswordAuthenticationToken [Principal=org.springframework.security.core.userdetails.User [Username=gloria, Password=[PROTECTED], Enabled=true, AccountNonExpired=true, CredentialsNonExpired=true, AccountNonLocked=true, Granted Authorities=[ROLE_SYS_ADMIN]], Credentials=[PROTECTED], Authenticated=true, Details=WebAuthenticationDetails [RemoteIpAddress=0:0:0:0:0:0:0:1, SessionId=null], Granted Authorities=[ROLE_SYS_ADMIN]]
2026-03-23T17:01:28.853+08:00 DEBUG 86664 --- [DocumentManagement] [io-8080-exec-10] o.s.security.web.FilterChainProxy        : Secured GET /api/documents?page=0&size=12
2026-03-23T17:01:29.332+08:00 DEBUG 86664 --- [DocumentManagement] [nio-8080-exec-1] o.s.security.web.FilterChainProxy        : Securing GET /api/folders/tree
2026-03-23T17:01:29.348+08:00 DEBUG 86664 --- [DocumentManagement] [nio-8080-exec-1] o.s.s.a.dao.DaoAuthenticationProvider    : Authenticated user
2026-03-23T17:01:29.348+08:00 DEBUG 86664 --- [DocumentManagement] [nio-8080-exec-1] o.s.s.w.a.www.BasicAuthenticationFilter  : Set SecurityContextHolder to UsernamePasswordAuthenticationToken [Principal=org.springframework.security.core.userdetails.User [Username=gloria, Password=[PROTECTED], Enabled=true, AccountNonExpired=true, CredentialsNonExpired=true, AccountNonLocked=true, Granted Authorities=[ROLE_SYS_ADMIN]], Credentials=[PROTECTED], Authenticated=true, Details=WebAuthenticationDetails [RemoteIpAddress=0:0:0:0:0:0:0:1, SessionId=null], Granted Authorities=[ROLE_SYS_ADMIN]]
2026-03-23T17:01:29.349+08:00 DEBUG 86664 --- [DocumentManagement] [nio-8080-exec-1] o.s.security.web.FilterChainProxy        : Secured GET /api/folders/tree
2026-03-23T17:01:29.377+08:00 DEBUG 86664 --- [DocumentManagement] [nio-8080-exec-8] o.s.security.web.FilterChainProxy        : Securing GET /api/folders/tree
2026-03-23T17:01:29.390+08:00 DEBUG 86664 --- [DocumentManagement] [nio-8080-exec-8] o.s.s.a.dao.DaoAuthenticationProvider    : Authenticated user
2026-03-23T17:01:29.391+08:00 DEBUG 86664 --- [DocumentManagement] [nio-8080-exec-8] o.s.s.w.a.www.BasicAuthenticationFilter  : Set SecurityContextHolder to UsernamePasswordAuthenticationToken [Principal=org.springframework.security.core.userdetails.User [Username=gloria, Password=[PROTECTED], Enabled=true, AccountNonExpired=true, CredentialsNonExpired=true, AccountNonLocked=true, Granted Authorities=[ROLE_SYS_ADMIN]], Credentials=[PROTECTED], Authenticated=true, Details=WebAuthenticationDetails [RemoteIpAddress=0:0:0:0:0:0:0:1, SessionId=null], Granted Authorities=[ROLE_SYS_ADMIN]]
2026-03-23T17:01:29.391+08:00 DEBUG 86664 --- [DocumentManagement] [nio-8080-exec-8] o.s.security.web.FilterChainProxy        : Secured GET /api/folders/tree
2026-03-23T17:01:29.456+08:00 DEBUG 86664 --- [DocumentManagement] [nio-8080-exec-2] o.s.security.web.FilterChainProxy        : Securing GET /api/documents?page=0&size=12&sort=createdAt%2Cdesc
2026-03-23T17:01:29.470+08:00 DEBUG 86664 --- [DocumentManagement] [nio-8080-exec-2] o.s.s.a.dao.DaoAuthenticationProvider    : Authenticated user
2026-03-23T17:01:29.471+08:00 DEBUG 86664 --- [DocumentManagement] [nio-8080-exec-2] o.s.s.w.a.www.BasicAuthenticationFilter  : Set SecurityContextHolder to UsernamePasswordAuthenticationToken [Principal=org.springframework.security.core.userdetails.User [Username=gloria, Password=[PROTECTED], Enabled=true, AccountNonExpired=true, CredentialsNonExpired=true, AccountNonLocked=true, Granted Authorities=[ROLE_SYS_ADMIN]], Credentials=[PROTECTED], Authenticated=true, Details=WebAuthenticationDetails [RemoteIpAddress=0:0:0:0:0:0:0:1, SessionId=null], Granted Authorities=[ROLE_SYS_ADMIN]]
2026-03-23T17:01:29.472+08:00 DEBUG 86664 --- [DocumentManagement] [nio-8080-exec-2] o.s.security.web.FilterChainProxy        : Secured GET /api/documents?page=0&size=12&sort=createdAt%2Cdesc
2026-03-23T17:01:29.769+08:00 DEBUG 86664 --- [DocumentManagement] [nio-8080-exec-3] o.s.security.web.FilterChainProxy        : Securing GET /api/documents?page=0&size=12&sort=createdAt%2Cdesc
2026-03-23T17:01:29.784+08:00 DEBUG 86664 --- [DocumentManagement] [nio-8080-exec-3] o.s.s.a.dao.DaoAuthenticationProvider    : Authenticated user
2026-03-23T17:01:29.784+08:00 DEBUG 86664 --- [DocumentManagement] [nio-8080-exec-3] o.s.s.w.a.www.BasicAuthenticationFilter  : Set SecurityContextHolder to UsernamePasswordAuthenticationToken [Principal=org.springframework.security.core.userdetails.User [Username=gloria, Password=[PROTECTED], Enabled=true, AccountNonExpired=true, CredentialsNonExpired=true, AccountNonLocked=true, Granted Authorities=[ROLE_SYS_ADMIN]], Credentials=[PROTECTED], Authenticated=true, Details=WebAuthenticationDetails [RemoteIpAddress=0:0:0:0:0:0:0:1, SessionId=null], Granted Authorities=[ROLE_SYS_ADMIN]]
2026-03-23T17:01:29.785+08:00 DEBUG 86664 --- [DocumentManagement] [nio-8080-exec-3] o.s.security.web.FilterChainProxy        : Secured GET /api/documents?page=0&size=12&sort=createdAt%2Cdesc
2026-03-23T17:01:30.545+08:00 DEBUG 86664 --- [DocumentManagement] [nio-8080-exec-4] o.s.security.web.FilterChainProxy        : Securing GET /api/dashboard/my-tasks
2026-03-23T17:01:30.563+08:00 DEBUG 86664 --- [DocumentManagement] [nio-8080-exec-4] o.s.s.a.dao.DaoAuthenticationProvider    : Authenticated user
2026-03-23T17:01:30.563+08:00 DEBUG 86664 --- [DocumentManagement] [nio-8080-exec-4] o.s.s.w.a.www.BasicAuthenticationFilter  : Set SecurityContextHolder to UsernamePasswordAuthenticationToken [Principal=org.springframework.security.core.userdetails.User [Username=gloria, Password=[PROTECTED], Enabled=true, AccountNonExpired=true, CredentialsNonExpired=true, AccountNonLocked=true, Granted Authorities=[ROLE_SYS_ADMIN]], Credentials=[PROTECTED], Authenticated=true, Details=WebAuthenticationDetails [RemoteIpAddress=0:0:0:0:0:0:0:1, SessionId=null], Granted Authorities=[ROLE_SYS_ADMIN]]
2026-03-23T17:01:30.564+08:00 DEBUG 86664 --- [DocumentManagement] [nio-8080-exec-4] o.s.security.web.FilterChainProxy        : Secured GET /api/dashboard/my-tasks
2026-03-23T17:01:30.588+08:00 ERROR 86664 --- [DocumentManagement] [nio-8080-exec-4] c.dms.exception.GlobalExceptionHandler   : Unhandled exception

org.opensearch.client.opensearch._types.OpenSearchException: Request failed: [search_phase_execution_exception] all shards failed
	at org.opensearch.client.transport.httpclient5.ApacheHttpClient5Transport.extractAndWrapCause(ApacheHttpClient5Transport.java:1153) ~[opensearch-java-2.19.0.jar!/:na]
	at org.opensearch.client.transport.httpclient5.ApacheHttpClient5Transport.performRequest(ApacheHttpClient5Transport.java:158) ~[opensearch-java-2.19.0.jar!/:na]
	at org.opensearch.client.opensearch.OpenSearchClient.search(OpenSearchClient.java:1386) ~[opensearch-java-2.19.0.jar!/:na]
	at com.dms.repository.BaseOpenSearchRepository.search(BaseOpenSearchRepository.java:154) ~[!/:0.0.1-SNAPSHOT]
	at com.dms.task.repository.UserTaskRepository.searchSafely(UserTaskRepository.java:91) ~[!/:0.0.1-SNAPSHOT]
	at com.dms.task.repository.UserTaskRepository.findByAssigneeUsernameIgnoreCaseOrderByDueDateAsc(UserTaskRepository.java:59) ~[!/:0.0.1-SNAPSHOT]
	at java.base/jdk.internal.reflect.DirectMethodHandleAccessor.invoke(DirectMethodHandleAccessor.java:103) ~[na:na]
	at java.base/java.lang.reflect.Method.invoke(Method.java:580) ~[na:na]
	at org.springframework.aop.support.AopUtils.invokeJoinpointUsingReflection(AopUtils.java:359) ~[spring-aop-6.2.6.jar!/:6.2.6]
	at org.springframework.aop.framework.ReflectiveMethodInvocation.invokeJoinpoint(ReflectiveMethodInvocation.java:196) ~[spring-aop-6.2.6.jar!/:6.2.6]
	at org.springframework.aop.framework.ReflectiveMethodInvocation.proceed(ReflectiveMethodInvocation.java:163) ~[spring-aop-6.2.6.jar!/:6.2.6]
	at org.springframework.dao.support.PersistenceExceptionTranslationInterceptor.invoke(PersistenceExceptionTranslationInterceptor.java:138) ~[spring-tx-6.2.6.jar!/:6.2.6]
	at org.springframework.aop.framework.ReflectiveMethodInvocation.proceed(ReflectiveMethodInvocation.java:184) ~[spring-aop-6.2.6.jar!/:6.2.6]
	at org.springframework.aop.framework.CglibAopProxy$DynamicAdvisedInterceptor.intercept(CglibAopProxy.java:728) ~[spring-aop-6.2.6.jar!/:6.2.6]
	at com.dms.task.repository.UserTaskRepository$$SpringCGLIB$$0.findByAssigneeUsernameIgnoreCaseOrderByDueDateAsc(<generated>) ~[!/:0.0.1-SNAPSHOT]
	at com.dms.task.service.UserDashboardService.buildDashboardFor(UserDashboardService.java:31) ~[!/:0.0.1-SNAPSHOT]
	at java.base/jdk.internal.reflect.DirectMethodHandleAccessor.invoke(DirectMethodHandleAccessor.java:103) ~[na:na]
	at java.base/java.lang.reflect.Method.invoke(Method.java:580) ~[na:na]
	at org.springframework.aop.support.AopUtils.invokeJoinpointUsingReflection(AopUtils.java:359) ~[spring-aop-6.2.6.jar!/:6.2.6]
	at org.springframework.aop.framework.ReflectiveMethodInvocation.invokeJoinpoint(ReflectiveMethodInvocation.java:196) ~[spring-aop-6.2.6.jar!/:6.2.6]
	at org.springframework.aop.framework.ReflectiveMethodInvocation.proceed(ReflectiveMethodInvocation.java:163) ~[spring-aop-6.2.6.jar!/:6.2.6]
	at org.springframework.transaction.interceptor.TransactionAspectSupport.invokeWithinTransaction(TransactionAspectSupport.java:380) ~[spring-tx-6.2.6.jar!/:6.2.6]
	at org.springframework.transaction.interceptor.TransactionInterceptor.invoke(TransactionInterceptor.java:119) ~[spring-tx-6.2.6.jar!/:6.2.6]
	at org.springframework.aop.framework.ReflectiveMethodInvocation.proceed(ReflectiveMethodInvocation.java:184) ~[spring-aop-6.2.6.jar!/:6.2.6]
	at org.springframework.aop.framework.CglibAopProxy$DynamicAdvisedInterceptor.intercept(CglibAopProxy.java:728) ~[spring-aop-6.2.6.jar!/:6.2.6]
	at com.dms.task.service.UserDashboardService$$SpringCGLIB$$0.buildDashboardFor(<generated>) ~[!/:0.0.1-SNAPSHOT]
	at com.dms.task.controller.UserDashboardController.currentUserTasks(UserDashboardController.java:29) ~[!/:0.0.1-SNAPSHOT]
	at java.base/jdk.internal.reflect.DirectMethodHandleAccessor.invoke(DirectMethodHandleAccessor.java:103) ~[na:na]
	at java.base/java.lang.reflect.Method.invoke(Method.java:580) ~[na:na]
	at org.springframework.web.method.support.InvocableHandlerMethod.doInvoke(InvocableHandlerMethod.java:258) ~[spring-web-6.2.6.jar!/:6.2.6]
	at org.springframework.web.method.support.InvocableHandlerMethod.invokeForRequest(InvocableHandlerMethod.java:191) ~[spring-web-6.2.6.jar!/:6.2.6]
	at org.springframework.web.servlet.mvc.method.annotation.ServletInvocableHandlerMethod.invokeAndHandle(ServletInvocableHandlerMethod.java:118) ~[spring-webmvc-6.2.6.jar!/:6.2.6]
	at org.springframework.web.servlet.mvc.method.annotation.RequestMappingHandlerAdapter.invokeHandlerMethod(RequestMappingHandlerAdapter.java:986) ~[spring-webmvc-6.2.6.jar!/:6.2.6]
	at org.springframework.web.servlet.mvc.method.annotation.RequestMappingHandlerAdapter.handleInternal(RequestMappingHandlerAdapter.java:891) ~[spring-webmvc-6.2.6.jar!/:6.2.6]
	at org.springframework.web.servlet.mvc.method.AbstractHandlerMethodAdapter.handle(AbstractHandlerMethodAdapter.java:87) ~[spring-webmvc-6.2.6.jar!/:6.2.6]
	at org.springframework.web.servlet.DispatcherServlet.doDispatch(DispatcherServlet.java:1089) ~[spring-webmvc-6.2.6.jar!/:6.2.6]
	at org.springframework.web.servlet.DispatcherServlet.doService(DispatcherServlet.java:979) ~[spring-webmvc-6.2.6.jar!/:6.2.6]
	at org.springframework.web.servlet.FrameworkServlet.processRequest(FrameworkServlet.java:1014) ~[spring-webmvc-6.2.6.jar!/:6.2.6]
	at org.springframework.web.servlet.FrameworkServlet.doGet(FrameworkServlet.java:903) ~[spring-webmvc-6.2.6.jar!/:6.2.6]
	at jakarta.servlet.http.HttpServlet.service(HttpServlet.java:564) ~[tomcat-embed-core-10.1.40.jar!/:na]
	at org.springframework.web.servlet.FrameworkServlet.service(FrameworkServlet.java:885) ~[spring-webmvc-6.2.6.jar!/:6.2.6]
	at jakarta.servlet.http.HttpServlet.service(HttpServlet.java:658) ~[tomcat-embed-core-10.1.40.jar!/:na]
	at org.apache.catalina.core.ApplicationFilterChain.internalDoFilter(ApplicationFilterChain.java:195) ~[tomcat-embed-core-10.1.40.jar!/:na]
	at org.apache.catalina.core.ApplicationFilterChain.doFilter(ApplicationFilterChain.java:140) ~[tomcat-embed-core-10.1.40.jar!/:na]
	at org.apache.tomcat.websocket.server.WsFilter.doFilter(WsFilter.java:51) ~[tomcat-embed-websocket-10.1.40.jar!/:na]
	at org.apache.catalina.core.ApplicationFilterChain.internalDoFilter(ApplicationFilterChain.java:164) ~[tomcat-embed-core-10.1.40.jar!/:na]
	at org.apache.catalina.core.ApplicationFilterChain.doFilter(ApplicationFilterChain.java:140) ~[tomcat-embed-core-10.1.40.jar!/:na]
	at org.springframework.web.filter.CompositeFilter$VirtualFilterChain.doFilter(CompositeFilter.java:108) ~[spring-web-6.2.6.jar!/:6.2.6]
	at org.springframework.security.web.FilterChainProxy.lambda$doFilterInternal$3(FilterChainProxy.java:231) ~[spring-security-web-6.4.5.jar!/:6.4.5]
	at org.springframework.security.web.FilterChainProxy$VirtualFilterChain.doFilter(FilterChainProxy.java:365) ~[spring-security-web-6.4.5.jar!/:6.4.5]
	at org.springframework.security.web.access.intercept.AuthorizationFilter.doFilter(AuthorizationFilter.java:101) ~[spring-security-web-6.4.5.jar!/:6.4.5]
	at org.springframework.security.web.FilterChainProxy$VirtualFilterChain.doFilter(FilterChainProxy.java:374) ~[spring-security-web-6.4.5.jar!/:6.4.5]
	at org.springframework.security.web.access.ExceptionTranslationFilter.doFilter(ExceptionTranslationFilter.java:126) ~[spring-security-web-6.4.5.jar!/:6.4.5]
	at org.springframework.security.web.access.ExceptionTranslationFilter.doFilter(ExceptionTranslationFilter.java:120) ~[spring-security-web-6.4.5.jar!/:6.4.5]
	at org.springframework.security.web.FilterChainProxy$VirtualFilterChain.doFilter(FilterChainProxy.java:374) ~[spring-security-web-6.4.5.jar!/:6.4.5]
	at org.springframework.security.web.authentication.AnonymousAuthenticationFilter.doFilter(AnonymousAuthenticationFilter.java:100) ~[spring-security-web-6.4.5.jar!/:6.4.5]
	at org.springframework.security.web.FilterChainProxy$VirtualFilterChain.doFilter(FilterChainProxy.java:374) ~[spring-security-web-6.4.5.jar!/:6.4.5]
	at org.springframework.security.web.servletapi.SecurityContextHolderAwareRequestFilter.doFilter(SecurityContextHolderAwareRequestFilter.java:179) ~[spring-security-web-6.4.5.jar!/:6.4.5]
	at org.springframework.security.web.FilterChainProxy$VirtualFilterChain.doFilter(FilterChainProxy.java:374) ~[spring-security-web-6.4.5.jar!/:6.4.5]
	at org.springframework.security.web.savedrequest.RequestCacheAwareFilter.doFilter(RequestCacheAwareFilter.java:63) ~[spring-security-web-6.4.5.jar!/:6.4.5]
	at org.springframework.security.web.FilterChainProxy$VirtualFilterChain.doFilter(FilterChainProxy.java:374) ~[spring-security-web-6.4.5.jar!/:6.4.5]
	at org.springframework.security.web.authentication.www.BasicAuthenticationFilter.doFilterInternal(BasicAuthenticationFilter.java:213) ~[spring-security-web-6.4.5.jar!/:6.4.5]
	at org.springframework.web.filter.OncePerRequestFilter.doFilter(OncePerRequestFilter.java:116) ~[spring-web-6.2.6.jar!/:6.2.6]
	at org.springframework.security.web.FilterChainProxy$VirtualFilterChain.doFilter(FilterChainProxy.java:374) ~[spring-security-web-6.4.5.jar!/:6.4.5]
	at org.springframework.security.web.authentication.logout.LogoutFilter.doFilter(LogoutFilter.java:107) ~[spring-security-web-6.4.5.jar!/:6.4.5]
	at org.springframework.security.web.authentication.logout.LogoutFilter.doFilter(LogoutFilter.java:93) ~[spring-security-web-6.4.5.jar!/:6.4.5]
	at org.springframework.security.web.FilterChainProxy$VirtualFilterChain.doFilter(FilterChainProxy.java:374) ~[spring-security-web-6.4.5.jar!/:6.4.5]
	at org.springframework.security.web.header.HeaderWriterFilter.doHeadersAfter(HeaderWriterFilter.java:90) ~[spring-security-web-6.4.5.jar!/:6.4.5]
	at org.springframework.security.web.header.HeaderWriterFilter.doFilterInternal(HeaderWriterFilter.java:75) ~[spring-security-web-6.4.5.jar!/:6.4.5]
	at org.springframework.web.filter.OncePerRequestFilter.doFilter(OncePerRequestFilter.java:116) ~[spring-web-6.2.6.jar!/:6.2.6]
	at org.springframework.security.web.FilterChainProxy$VirtualFilterChain.doFilter(FilterChainProxy.java:374) ~[spring-security-web-6.4.5.jar!/:6.4.5]
	at org.springframework.security.web.context.SecurityContextHolderFilter.doFilter(SecurityContextHolderFilter.java:82) ~[spring-security-web-6.4.5.jar!/:6.4.5]
	at org.springframework.security.web.context.SecurityContextHolderFilter.doFilter(SecurityContextHolderFilter.java:69) ~[spring-security-web-6.4.5.jar!/:6.4.5]
	at org.springframework.security.web.FilterChainProxy$VirtualFilterChain.doFilter(FilterChainProxy.java:374) ~[spring-security-web-6.4.5.jar!/:6.4.5]
	at org.springframework.security.web.context.request.async.WebAsyncManagerIntegrationFilter.doFilterInternal(WebAsyncManagerIntegrationFilter.java:62) ~[spring-security-web-6.4.5.jar!/:6.4.5]
	at org.springframework.web.filter.OncePerRequestFilter.doFilter(OncePerRequestFilter.java:116) ~[spring-web-6.2.6.jar!/:6.2.6]
	at org.springframework.security.web.FilterChainProxy$VirtualFilterChain.doFilter(FilterChainProxy.java:374) ~[spring-security-web-6.4.5.jar!/:6.4.5]
	at org.springframework.security.web.session.DisableEncodeUrlFilter.doFilterInternal(DisableEncodeUrlFilter.java:42) ~[spring-security-web-6.4.5.jar!/:6.4.5]
	at org.springframework.web.filter.OncePerRequestFilter.doFilter(OncePerRequestFilter.java:116) ~[spring-web-6.2.6.jar!/:6.2.6]
	at org.springframework.security.web.FilterChainProxy$VirtualFilterChain.doFilter(FilterChainProxy.java:374) ~[spring-security-web-6.4.5.jar!/:6.4.5]
	at org.springframework.security.web.FilterChainProxy.doFilterInternal(FilterChainProxy.java:233) ~[spring-security-web-6.4.5.jar!/:6.4.5]
	at org.springframework.security.web.FilterChainProxy.doFilter(FilterChainProxy.java:191) ~[spring-security-web-6.4.5.jar!/:6.4.5]
	at org.springframework.web.filter.CompositeFilter$VirtualFilterChain.doFilter(CompositeFilter.java:113) ~[spring-web-6.2.6.jar!/:6.2.6]
	at org.springframework.web.servlet.handler.HandlerMappingIntrospector.lambda$createCacheFilter$3(HandlerMappingIntrospector.java:243) ~[spring-webmvc-6.2.6.jar!/:6.2.6]
	at org.springframework.web.filter.CompositeFilter$VirtualFilterChain.doFilter(CompositeFilter.java:113) ~[spring-web-6.2.6.jar!/:6.2.6]
	at org.springframework.web.filter.CompositeFilter.doFilter(CompositeFilter.java:74) ~[spring-web-6.2.6.jar!/:6.2.6]
	at org.springframework.security.config.annotation.web.configuration.WebMvcSecurityConfiguration$CompositeFilterChainProxy.doFilter(WebMvcSecurityConfiguration.java:238) ~[spring-security-config-6.4.5.jar!/:6.4.5]
	at org.springframework.web.filter.DelegatingFilterProxy.invokeDelegate(DelegatingFilterProxy.java:362) ~[spring-web-6.2.6.jar!/:6.2.6]
	at org.springframework.web.filter.DelegatingFilterProxy.doFilter(DelegatingFilterProxy.java:278) ~[spring-web-6.2.6.jar!/:6.2.6]
	at org.apache.catalina.core.ApplicationFilterChain.internalDoFilter(ApplicationFilterChain.java:164) ~[tomcat-embed-core-10.1.40.jar!/:na]
	at org.apache.catalina.core.ApplicationFilterChain.doFilter(ApplicationFilterChain.java:140) ~[tomcat-embed-core-10.1.40.jar!/:na]
	at org.springframework.web.filter.RequestContextFilter.doFilterInternal(RequestContextFilter.java:100) ~[spring-web-6.2.6.jar!/:6.2.6]
	at org.springframework.web.filter.OncePerRequestFilter.doFilter(OncePerRequestFilter.java:116) ~[spring-web-6.2.6.jar!/:6.2.6]
	at org.apache.catalina.core.ApplicationFilterChain.internalDoFilter(ApplicationFilterChain.java:164) ~[tomcat-embed-core-10.1.40.jar!/:na]
	at org.apache.catalina.core.ApplicationFilterChain.doFilter(ApplicationFilterChain.java:140) ~[tomcat-embed-core-10.1.40.jar!/:na]
	at org.springframework.web.filter.FormContentFilter.doFilterInternal(FormContentFilter.java:93) ~[spring-web-6.2.6.jar!/:6.2.6]
	at org.springframework.web.filter.OncePerRequestFilter.doFilter(OncePerRequestFilter.java:116) ~[spring-web-6.2.6.jar!/:6.2.6]
	at org.apache.catalina.core.ApplicationFilterChain.internalDoFilter(ApplicationFilterChain.java:164) ~[tomcat-embed-core-10.1.40.jar!/:na]
	at org.apache.catalina.core.ApplicationFilterChain.doFilter(ApplicationFilterChain.java:140) ~[tomcat-embed-core-10.1.40.jar!/:na]
	at org.springframework.web.filter.CharacterEncodingFilter.doFilterInternal(CharacterEncodingFilter.java:201) ~[spring-web-6.2.6.jar!/:6.2.6]
	at org.springframework.web.filter.OncePerRequestFilter.doFilter(OncePerRequestFilter.java:116) ~[spring-web-6.2.6.jar!/:6.2.6]
	at org.apache.catalina.core.ApplicationFilterChain.internalDoFilter(ApplicationFilterChain.java:164) ~[tomcat-embed-core-10.1.40.jar!/:na]
	at org.apache.catalina.core.ApplicationFilterChain.doFilter(ApplicationFilterChain.java:140) ~[tomcat-embed-core-10.1.40.jar!/:na]
	at org.apache.catalina.core.StandardWrapperValve.invoke(StandardWrapperValve.java:167) ~[tomcat-embed-core-10.1.40.jar!/:na]
	at org.apache.catalina.core.StandardContextValve.invoke(StandardContextValve.java:90) ~[tomcat-embed-core-10.1.40.jar!/:na]
	at org.apache.catalina.authenticator.AuthenticatorBase.invoke(AuthenticatorBase.java:483) ~[tomcat-embed-core-10.1.40.jar!/:na]
	at org.apache.catalina.core.StandardHostValve.invoke(StandardHostValve.java:116) ~[tomcat-embed-core-10.1.40.jar!/:na]
	at org.apache.catalina.valves.ErrorReportValve.invoke(ErrorReportValve.java:93) ~[tomcat-embed-core-10.1.40.jar!/:na]
	at org.apache.catalina.core.StandardEngineValve.invoke(StandardEngineValve.java:74) ~[tomcat-embed-core-10.1.40.jar!/:na]
	at org.apache.catalina.connector.CoyoteAdapter.service(CoyoteAdapter.java:344) ~[tomcat-embed-core-10.1.40.jar!/:na]
	at org.apache.coyote.http11.Http11Processor.service(Http11Processor.java:398) ~[tomcat-embed-core-10.1.40.jar!/:na]
	at org.apache.coyote.AbstractProcessorLight.process(AbstractProcessorLight.java:63) ~[tomcat-embed-core-10.1.40.jar!/:na]
	at org.apache.coyote.AbstractProtocol$ConnectionHandler.process(AbstractProtocol.java:903) ~[tomcat-embed-core-10.1.40.jar!/:na]
	at org.apache.tomcat.util.net.NioEndpoint$SocketProcessor.doRun(NioEndpoint.java:1740) ~[tomcat-embed-core-10.1.40.jar!/:na]
	at org.apache.tomcat.util.net.SocketProcessorBase.run(SocketProcessorBase.java:52) ~[tomcat-embed-core-10.1.40.jar!/:na]
	at org.apache.tomcat.util.threads.ThreadPoolExecutor.runWorker(ThreadPoolExecutor.java:1189) ~[tomcat-embed-core-10.1.40.jar!/:na]
	at org.apache.tomcat.util.threads.ThreadPoolExecutor$Worker.run(ThreadPoolExecutor.java:658) ~[tomcat-embed-core-10.1.40.jar!/:na]
	at org.apache.tomcat.util.threads.TaskThread$WrappingRunnable.run(TaskThread.java:63) ~[tomcat-embed-core-10.1.40.jar!/:na]
	at java.base/java.lang.Thread.run(Thread.java:1583) ~[na:na]
Caused by: org.opensearch.client.opensearch._types.OpenSearchException: Request failed: [search_phase_execution_exception] all shards failed
	at org.opensearch.client.transport.Endpoint.exceptionConverter(Endpoint.java:102) ~[opensearch-java-2.19.0.jar!/:na]
	at org.opensearch.client.transport.httpclient5.ApacheHttpClient5Transport.prepareResponse(ApacheHttpClient5Transport.java:547) ~[opensearch-java-2.19.0.jar!/:na]
	at org.opensearch.client.transport.httpclient5.ApacheHttpClient5Transport.lambda$performRequestAsync$0(ApacheHttpClient5Transport.java:191) ~[opensearch-java-2.19.0.jar!/:na]
	at java.base/java.util.concurrent.CompletableFuture$UniApply.tryFire(CompletableFuture.java:646) ~[na:na]
	at java.base/java.util.concurrent.CompletableFuture.postComplete(CompletableFuture.java:510) ~[na:na]
	at java.base/java.util.concurrent.CompletableFuture.complete(CompletableFuture.java:2179) ~[na:na]
	at org.opensearch.client.transport.httpclient5.ApacheHttpClient5Transport$1.completed(ApacheHttpClient5Transport.java:236) ~[opensearch-java-2.19.0.jar!/:na]
	at org.opensearch.client.transport.httpclient5.ApacheHttpClient5Transport$1.completed(ApacheHttpClient5Transport.java:225) ~[opensearch-java-2.19.0.jar!/:na]
	at org.apache.hc.core5.concurrent.BasicFuture.completed(BasicFuture.java:148) ~[httpcore5-5.3.4.jar!/:5.3.4]
	at org.apache.hc.core5.concurrent.ComplexFuture.completed(ComplexFuture.java:72) ~[httpcore5-5.3.4.jar!/:5.3.4]
	at org.apache.hc.client5.http.impl.async.InternalAbstractHttpAsyncClient$2$1.completed(InternalAbstractHttpAsyncClient.java:318) ~[httpclient5-5.4.3.jar!/:5.4.3]
	at org.apache.hc.core5.http.nio.support.AbstractAsyncResponseConsumer$1.completed(AbstractAsyncResponseConsumer.java:101) ~[httpcore5-5.3.4.jar!/:5.3.4]
	at org.apache.hc.core5.http.nio.entity.AbstractBinAsyncEntityConsumer.completed(AbstractBinAsyncEntityConsumer.java:87) ~[httpcore5-5.3.4.jar!/:5.3.4]
	at org.apache.hc.core5.http.nio.entity.AbstractBinDataConsumer.streamEnd(AbstractBinDataConsumer.java:83) ~[httpcore5-5.3.4.jar!/:5.3.4]
	at org.apache.hc.core5.http.nio.support.AbstractAsyncResponseConsumer.streamEnd(AbstractAsyncResponseConsumer.java:142) ~[httpcore5-5.3.4.jar!/:5.3.4]
	at org.apache.hc.client5.http.impl.async.HttpAsyncMainClientExec$1.streamEnd(HttpAsyncMainClientExec.java:283) ~[httpclient5-5.4.3.jar!/:5.4.3]
	at org.apache.hc.core5.http2.impl.nio.ClientH2StreamHandler.consumeData(ClientH2StreamHandler.java:242) ~[httpcore5-h2-5.3.4.jar!/:5.3.4]
	at org.apache.hc.core5.http2.impl.nio.AbstractH2StreamMultiplexer$H2Stream.consumeData(AbstractH2StreamMultiplexer.java:1645) ~[httpcore5-h2-5.3.4.jar!/:5.3.4]
	at org.apache.hc.core5.http2.impl.nio.AbstractH2StreamMultiplexer.consumeDataFrame(AbstractH2StreamMultiplexer.java:1049) ~[httpcore5-h2-5.3.4.jar!/:5.3.4]
	at org.apache.hc.core5.http2.impl.nio.AbstractH2StreamMultiplexer.consumeFrame(AbstractH2StreamMultiplexer.java:738) ~[httpcore5-h2-5.3.4.jar!/:5.3.4]
	at org.apache.hc.core5.http2.impl.nio.AbstractH2StreamMultiplexer.onInput(AbstractH2StreamMultiplexer.java:447) ~[httpcore5-h2-5.3.4.jar!/:5.3.4]
	at org.apache.hc.core5.http2.impl.nio.AbstractH2IOEventHandler.inputReady(AbstractH2IOEventHandler.java:65) ~[httpcore5-h2-5.3.4.jar!/:5.3.4]
	at org.apache.hc.core5.http2.impl.nio.ClientH2IOEventHandler.inputReady(ClientH2IOEventHandler.java:39) ~[httpcore5-h2-5.3.4.jar!/:5.3.4]
	at org.apache.hc.core5.reactor.ssl.SSLIOSession.decryptData(SSLIOSession.java:618) ~[httpcore5-5.3.4.jar!/:5.3.4]
	at org.apache.hc.core5.reactor.ssl.SSLIOSession.access$200(SSLIOSession.java:74) ~[httpcore5-5.3.4.jar!/:5.3.4]
	at org.apache.hc.core5.reactor.ssl.SSLIOSession$1.inputReady(SSLIOSession.java:204) ~[httpcore5-5.3.4.jar!/:5.3.4]
	at org.apache.hc.core5.reactor.InternalDataChannel.onIOEvent(InternalDataChannel.java:143) ~[httpcore5-5.3.4.jar!/:5.3.4]
	at org.apache.hc.core5.reactor.InternalChannel.handleIOEvent(InternalChannel.java:51) ~[httpcore5-5.3.4.jar!/:5.3.4]
	at org.apache.hc.core5.reactor.SingleCoreIOReactor.processEvents(SingleCoreIOReactor.java:176) ~[httpcore5-5.3.4.jar!/:5.3.4]
	at org.apache.hc.core5.reactor.SingleCoreIOReactor.doExecute(SingleCoreIOReactor.java:125) ~[httpcore5-5.3.4.jar!/:5.3.4]
	at org.apache.hc.core5.reactor.AbstractSingleCoreIOReactor.execute(AbstractSingleCoreIOReactor.java:92) ~[httpcore5-5.3.4.jar!/:5.3.4]
	at org.apache.hc.core5.reactor.IOReactorWorker.run(IOReactorWorker.java:44) ~[httpcore5-5.3.4.jar!/:5.3.4]
	... 1 common frames omitted

2026-03-23T17:01:30.603+08:00 DEBUG 86664 --- [DocumentManagement] [nio-8080-exec-5] o.s.security.web.FilterChainProxy        : Securing GET /api/dashboard/my-tasks
2026-03-23T17:01:30.617+08:00 DEBUG 86664 --- [DocumentManagement] [nio-8080-exec-5] o.s.s.a.dao.DaoAuthenticationProvider    : Authenticated user
2026-03-23T17:01:30.618+08:00 DEBUG 86664 --- [DocumentManagement] [nio-8080-exec-5] o.s.s.w.a.www.BasicAuthenticationFilter  : Set SecurityContextHolder to UsernamePasswordAuthenticationToken [Principal=org.springframework.security.core.userdetails.User [Username=gloria, Password=[PROTECTED], Enabled=true, AccountNonExpired=true, CredentialsNonExpired=true, AccountNonLocked=true, Granted Authorities=[ROLE_SYS_ADMIN]], Credentials=[PROTECTED], Authenticated=true, Details=WebAuthenticationDetails [RemoteIpAddress=0:0:0:0:0:0:0:1, SessionId=null], Granted Authorities=[ROLE_SYS_ADMIN]]
2026-03-23T17:01:30.618+08:00 DEBUG 86664 --- [DocumentManagement] [nio-8080-exec-5] o.s.security.web.FilterChainProxy        : Secured GET /api/dashboard/my-tasks
2026-03-23T17:01:30.637+08:00 ERROR 86664 --- [DocumentManagement] [nio-8080-exec-5] c.dms.exception.GlobalExceptionHandler   : Unhandled exception

org.opensearch.client.opensearch._types.OpenSearchException: Request failed: [search_phase_execution_exception] all shards failed
	at org.opensearch.client.transport.httpclient5.ApacheHttpClient5Transport.extractAndWrapCause(ApacheHttpClient5Transport.java:1153) ~[opensearch-java-2.19.0.jar!/:na]
	at org.opensearch.client.transport.httpclient5.ApacheHttpClient5Transport.performRequest(ApacheHttpClient5Transport.java:158) ~[opensearch-java-2.19.0.jar!/:na]
	at org.opensearch.client.opensearch.OpenSearchClient.search(OpenSearchClient.java:1386) ~[opensearch-java-2.19.0.jar!/:na]
	at com.dms.repository.BaseOpenSearchRepository.search(BaseOpenSearchRepository.java:154) ~[!/:0.0.1-SNAPSHOT]
	at com.dms.task.repository.UserTaskRepository.searchSafely(UserTaskRepository.java:91) ~[!/:0.0.1-SNAPSHOT]
	at com.dms.task.repository.UserTaskRepository.findByAssigneeUsernameIgnoreCaseOrderByDueDateAsc(UserTaskRepository.java:59) ~[!/:0.0.1-SNAPSHOT]
	at java.base/jdk.internal.reflect.DirectMethodHandleAccessor.invoke(DirectMethodHandleAccessor.java:103) ~[na:na]
	at java.base/java.lang.reflect.Method.invoke(Method.java:580) ~[na:na]
	at org.springframework.aop.support.AopUtils.invokeJoinpointUsingReflection(AopUtils.java:359) ~[spring-aop-6.2.6.jar!/:6.2.6]
	at org.springframework.aop.framework.ReflectiveMethodInvocation.invokeJoinpoint(ReflectiveMethodInvocation.java:196) ~[spring-aop-6.2.6.jar!/:6.2.6]
	at org.springframework.aop.framework.ReflectiveMethodInvocation.proceed(ReflectiveMethodInvocation.java:163) ~[spring-aop-6.2.6.jar!/:6.2.6]
	at org.springframework.dao.support.PersistenceExceptionTranslationInterceptor.invoke(PersistenceExceptionTranslationInterceptor.java:138) ~[spring-tx-6.2.6.jar!/:6.2.6]
	at org.springframework.aop.framework.ReflectiveMethodInvocation.proceed(ReflectiveMethodInvocation.java:184) ~[spring-aop-6.2.6.jar!/:6.2.6]
	at org.springframework.aop.framework.CglibAopProxy$DynamicAdvisedInterceptor.intercept(CglibAopProxy.java:728) ~[spring-aop-6.2.6.jar!/:6.2.6]
	at com.dms.task.repository.UserTaskRepository$$SpringCGLIB$$0.findByAssigneeUsernameIgnoreCaseOrderByDueDateAsc(<generated>) ~[!/:0.0.1-SNAPSHOT]
	at com.dms.task.service.UserDashboardService.buildDashboardFor(UserDashboardService.java:31) ~[!/:0.0.1-SNAPSHOT]
	at java.base/jdk.internal.reflect.DirectMethodHandleAccessor.invoke(DirectMethodHandleAccessor.java:103) ~[na:na]
	at java.base/java.lang.reflect.Method.invoke(Method.java:580) ~[na:na]
	at org.springframework.aop.support.AopUtils.invokeJoinpointUsingReflection(AopUtils.java:359) ~[spring-aop-6.2.6.jar!/:6.2.6]
	at org.springframework.aop.framework.ReflectiveMethodInvocation.invokeJoinpoint(ReflectiveMethodInvocation.java:196) ~[spring-aop-6.2.6.jar!/:6.2.6]
	at org.springframework.aop.framework.ReflectiveMethodInvocation.proceed(ReflectiveMethodInvocation.java:163) ~[spring-aop-6.2.6.jar!/:6.2.6]
	at org.springframework.transaction.interceptor.TransactionAspectSupport.invokeWithinTransaction(TransactionAspectSupport.java:380) ~[spring-tx-6.2.6.jar!/:6.2.6]
	at org.springframework.transaction.interceptor.TransactionInterceptor.invoke(TransactionInterceptor.java:119) ~[spring-tx-6.2.6.jar!/:6.2.6]
	at org.springframework.aop.framework.ReflectiveMethodInvocation.proceed(ReflectiveMethodInvocation.java:184) ~[spring-aop-6.2.6.jar!/:6.2.6]
	at org.springframework.aop.framework.CglibAopProxy$DynamicAdvisedInterceptor.intercept(CglibAopProxy.java:728) ~[spring-aop-6.2.6.jar!/:6.2.6]
	at com.dms.task.service.UserDashboardService$$SpringCGLIB$$0.buildDashboardFor(<generated>) ~[!/:0.0.1-SNAPSHOT]
	at com.dms.task.controller.UserDashboardController.currentUserTasks(UserDashboardController.java:29) ~[!/:0.0.1-SNAPSHOT]
	at java.base/jdk.internal.reflect.DirectMethodHandleAccessor.invoke(DirectMethodHandleAccessor.java:103) ~[na:na]
	at java.base/java.lang.reflect.Method.invoke(Method.java:580) ~[na:na]
	at org.springframework.web.method.support.InvocableHandlerMethod.doInvoke(InvocableHandlerMethod.java:258) ~[spring-web-6.2.6.jar!/:6.2.6]
	at org.springframework.web.method.support.InvocableHandlerMethod.invokeForRequest(InvocableHandlerMethod.java:191) ~[spring-web-6.2.6.jar!/:6.2.6]
	at org.springframework.web.servlet.mvc.method.annotation.ServletInvocableHandlerMethod.invokeAndHandle(ServletInvocableHandlerMethod.java:118) ~[spring-webmvc-6.2.6.jar!/:6.2.6]
	at org.springframework.web.servlet.mvc.method.annotation.RequestMappingHandlerAdapter.invokeHandlerMethod(RequestMappingHandlerAdapter.java:986) ~[spring-webmvc-6.2.6.jar!/:6.2.6]
	at org.springframework.web.servlet.mvc.method.annotation.RequestMappingHandlerAdapter.handleInternal(RequestMappingHandlerAdapter.java:891) ~[spring-webmvc-6.2.6.jar!/:6.2.6]
	at org.springframework.web.servlet.mvc.method.AbstractHandlerMethodAdapter.handle(AbstractHandlerMethodAdapter.java:87) ~[spring-webmvc-6.2.6.jar!/:6.2.6]
	at org.springframework.web.servlet.DispatcherServlet.doDispatch(DispatcherServlet.java:1089) ~[spring-webmvc-6.2.6.jar!/:6.2.6]
	at org.springframework.web.servlet.DispatcherServlet.doService(DispatcherServlet.java:979) ~[spring-webmvc-6.2.6.jar!/:6.2.6]
	at org.springframework.web.servlet.FrameworkServlet.processRequest(FrameworkServlet.java:1014) ~[spring-webmvc-6.2.6.jar!/:6.2.6]
	at org.springframework.web.servlet.FrameworkServlet.doGet(FrameworkServlet.java:903) ~[spring-webmvc-6.2.6.jar!/:6.2.6]
	at jakarta.servlet.http.HttpServlet.service(HttpServlet.java:564) ~[tomcat-embed-core-10.1.40.jar!/:na]
	at org.springframework.web.servlet.FrameworkServlet.service(FrameworkServlet.java:885) ~[spring-webmvc-6.2.6.jar!/:6.2.6]
	at jakarta.servlet.http.HttpServlet.service(HttpServlet.java:658) ~[tomcat-embed-core-10.1.40.jar!/:na]
	at org.apache.catalina.core.ApplicationFilterChain.internalDoFilter(ApplicationFilterChain.java:195) ~[tomcat-embed-core-10.1.40.jar!/:na]
	at org.apache.catalina.core.ApplicationFilterChain.doFilter(ApplicationFilterChain.java:140) ~[tomcat-embed-core-10.1.40.jar!/:na]
	at org.apache.tomcat.websocket.server.WsFilter.doFilter(WsFilter.java:51) ~[tomcat-embed-websocket-10.1.40.jar!/:na]
	at org.apache.catalina.core.ApplicationFilterChain.internalDoFilter(ApplicationFilterChain.java:164) ~[tomcat-embed-core-10.1.40.jar!/:na]
	at org.apache.catalina.core.ApplicationFilterChain.doFilter(ApplicationFilterChain.java:140) ~[tomcat-embed-core-10.1.40.jar!/:na]
	at org.springframework.web.filter.CompositeFilter$VirtualFilterChain.doFilter(CompositeFilter.java:108) ~[spring-web-6.2.6.jar!/:6.2.6]
	at org.springframework.security.web.FilterChainProxy.lambda$doFilterInternal$3(FilterChainProxy.java:231) ~[spring-security-web-6.4.5.jar!/:6.4.5]
	at org.springframework.security.web.FilterChainProxy$VirtualFilterChain.doFilter(FilterChainProxy.java:365) ~[spring-security-web-6.4.5.jar!/:6.4.5]
	at org.springframework.security.web.access.intercept.AuthorizationFilter.doFilter(AuthorizationFilter.java:101) ~[spring-security-web-6.4.5.jar!/:6.4.5]
	at org.springframework.security.web.FilterChainProxy$VirtualFilterChain.doFilter(FilterChainProxy.java:374) ~[spring-security-web-6.4.5.jar!/:6.4.5]
	at org.springframework.security.web.access.ExceptionTranslationFilter.doFilter(ExceptionTranslationFilter.java:126) ~[spring-security-web-6.4.5.jar!/:6.4.5]
	at org.springframework.security.web.access.ExceptionTranslationFilter.doFilter(ExceptionTranslationFilter.java:120) ~[spring-security-web-6.4.5.jar!/:6.4.5]
	at org.springframework.security.web.FilterChainProxy$VirtualFilterChain.doFilter(FilterChainProxy.java:374) ~[spring-security-web-6.4.5.jar!/:6.4.5]
	at org.springframework.security.web.authentication.AnonymousAuthenticationFilter.doFilter(AnonymousAuthenticationFilter.java:100) ~[spring-security-web-6.4.5.jar!/:6.4.5]
	at org.springframework.security.web.FilterChainProxy$VirtualFilterChain.doFilter(FilterChainProxy.java:374) ~[spring-security-web-6.4.5.jar!/:6.4.5]
	at org.springframework.security.web.servletapi.SecurityContextHolderAwareRequestFilter.doFilter(SecurityContextHolderAwareRequestFilter.java:179) ~[spring-security-web-6.4.5.jar!/:6.4.5]
	at org.springframework.security.web.FilterChainProxy$VirtualFilterChain.doFilter(FilterChainProxy.java:374) ~[spring-security-web-6.4.5.jar!/:6.4.5]
	at org.springframework.security.web.savedrequest.RequestCacheAwareFilter.doFilter(RequestCacheAwareFilter.java:63) ~[spring-security-web-6.4.5.jar!/:6.4.5]
	at org.springframework.security.web.FilterChainProxy$VirtualFilterChain.doFilter(FilterChainProxy.java:374) ~[spring-security-web-6.4.5.jar!/:6.4.5]
	at org.springframework.security.web.authentication.www.BasicAuthenticationFilter.doFilterInternal(BasicAuthenticationFilter.java:213) ~[spring-security-web-6.4.5.jar!/:6.4.5]
	at org.springframework.web.filter.OncePerRequestFilter.doFilter(OncePerRequestFilter.java:116) ~[spring-web-6.2.6.jar!/:6.2.6]
	at org.springframework.security.web.FilterChainProxy$VirtualFilterChain.doFilter(FilterChainProxy.java:374) ~[spring-security-web-6.4.5.jar!/:6.4.5]
	at org.springframework.security.web.authentication.logout.LogoutFilter.doFilter(LogoutFilter.java:107) ~[spring-security-web-6.4.5.jar!/:6.4.5]
	at org.springframework.security.web.authentication.logout.LogoutFilter.doFilter(LogoutFilter.java:93) ~[spring-security-web-6.4.5.jar!/:6.4.5]
	at org.springframework.security.web.FilterChainProxy$VirtualFilterChain.doFilter(FilterChainProxy.java:374) ~[spring-security-web-6.4.5.jar!/:6.4.5]
	at org.springframework.security.web.header.HeaderWriterFilter.doHeadersAfter(HeaderWriterFilter.java:90) ~[spring-security-web-6.4.5.jar!/:6.4.5]
	at org.springframework.security.web.header.HeaderWriterFilter.doFilterInternal(HeaderWriterFilter.java:75) ~[spring-security-web-6.4.5.jar!/:6.4.5]
	at org.springframework.web.filter.OncePerRequestFilter.doFilter(OncePerRequestFilter.java:116) ~[spring-web-6.2.6.jar!/:6.2.6]
	at org.springframework.security.web.FilterChainProxy$VirtualFilterChain.doFilter(FilterChainProxy.java:374) ~[spring-security-web-6.4.5.jar!/:6.4.5]
	at org.springframework.security.web.context.SecurityContextHolderFilter.doFilter(SecurityContextHolderFilter.java:82) ~[spring-security-web-6.4.5.jar!/:6.4.5]
	at org.springframework.security.web.context.SecurityContextHolderFilter.doFilter(SecurityContextHolderFilter.java:69) ~[spring-security-web-6.4.5.jar!/:6.4.5]
	at org.springframework.security.web.FilterChainProxy$VirtualFilterChain.doFilter(FilterChainProxy.java:374) ~[spring-security-web-6.4.5.jar!/:6.4.5]
	at org.springframework.security.web.context.request.async.WebAsyncManagerIntegrationFilter.doFilterInternal(WebAsyncManagerIntegrationFilter.java:62) ~[spring-security-web-6.4.5.jar!/:6.4.5]
	at org.springframework.web.filter.OncePerRequestFilter.doFilter(OncePerRequestFilter.java:116) ~[spring-web-6.2.6.jar!/:6.2.6]
	at org.springframework.security.web.FilterChainProxy$VirtualFilterChain.doFilter(FilterChainProxy.java:374) ~[spring-security-web-6.4.5.jar!/:6.4.5]
	at org.springframework.security.web.session.DisableEncodeUrlFilter.doFilterInternal(DisableEncodeUrlFilter.java:42) ~[spring-security-web-6.4.5.jar!/:6.4.5]
	at org.springframework.web.filter.OncePerRequestFilter.doFilter(OncePerRequestFilter.java:116) ~[spring-web-6.2.6.jar!/:6.2.6]
	at org.springframework.security.web.FilterChainProxy$VirtualFilterChain.doFilter(FilterChainProxy.java:374) ~[spring-security-web-6.4.5.jar!/:6.4.5]
	at org.springframework.security.web.FilterChainProxy.doFilterInternal(FilterChainProxy.java:233) ~[spring-security-web-6.4.5.jar!/:6.4.5]
	at org.springframework.security.web.FilterChainProxy.doFilter(FilterChainProxy.java:191) ~[spring-security-web-6.4.5.jar!/:6.4.5]
	at org.springframework.web.filter.CompositeFilter$VirtualFilterChain.doFilter(CompositeFilter.java:113) ~[spring-web-6.2.6.jar!/:6.2.6]
	at org.springframework.web.servlet.handler.HandlerMappingIntrospector.lambda$createCacheFilter$3(HandlerMappingIntrospector.java:243) ~[spring-webmvc-6.2.6.jar!/:6.2.6]
	at org.springframework.web.filter.CompositeFilter$VirtualFilterChain.doFilter(CompositeFilter.java:113) ~[spring-web-6.2.6.jar!/:6.2.6]
	at org.springframework.web.filter.CompositeFilter.doFilter(CompositeFilter.java:74) ~[spring-web-6.2.6.jar!/:6.2.6]
	at org.springframework.security.config.annotation.web.configuration.WebMvcSecurityConfiguration$CompositeFilterChainProxy.doFilter(WebMvcSecurityConfiguration.java:238) ~[spring-security-config-6.4.5.jar!/:6.4.5]
	at org.springframework.web.filter.DelegatingFilterProxy.invokeDelegate(DelegatingFilterProxy.java:362) ~[spring-web-6.2.6.jar!/:6.2.6]
	at org.springframework.web.filter.DelegatingFilterProxy.doFilter(DelegatingFilterProxy.java:278) ~[spring-web-6.2.6.jar!/:6.2.6]
	at org.apache.catalina.core.ApplicationFilterChain.internalDoFilter(ApplicationFilterChain.java:164) ~[tomcat-embed-core-10.1.40.jar!/:na]
	at org.apache.catalina.core.ApplicationFilterChain.doFilter(ApplicationFilterChain.java:140) ~[tomcat-embed-core-10.1.40.jar!/:na]
	at org.springframework.web.filter.RequestContextFilter.doFilterInternal(RequestContextFilter.java:100) ~[spring-web-6.2.6.jar!/:6.2.6]
	at org.springframework.web.filter.OncePerRequestFilter.doFilter(OncePerRequestFilter.java:116) ~[spring-web-6.2.6.jar!/:6.2.6]
	at org.apache.catalina.core.ApplicationFilterChain.internalDoFilter(ApplicationFilterChain.java:164) ~[tomcat-embed-core-10.1.40.jar!/:na]
	at org.apache.catalina.core.ApplicationFilterChain.doFilter(ApplicationFilterChain.java:140) ~[tomcat-embed-core-10.1.40.jar!/:na]
	at org.springframework.web.filter.FormContentFilter.doFilterInternal(FormContentFilter.java:93) ~[spring-web-6.2.6.jar!/:6.2.6]
	at org.springframework.web.filter.OncePerRequestFilter.doFilter(OncePerRequestFilter.java:116) ~[spring-web-6.2.6.jar!/:6.2.6]
	at org.apache.catalina.core.ApplicationFilterChain.internalDoFilter(ApplicationFilterChain.java:164) ~[tomcat-embed-core-10.1.40.jar!/:na]
	at org.apache.catalina.core.ApplicationFilterChain.doFilter(ApplicationFilterChain.java:140) ~[tomcat-embed-core-10.1.40.jar!/:na]
	at org.springframework.web.filter.CharacterEncodingFilter.doFilterInternal(CharacterEncodingFilter.java:201) ~[spring-web-6.2.6.jar!/:6.2.6]
	at org.springframework.web.filter.OncePerRequestFilter.doFilter(OncePerRequestFilter.java:116) ~[spring-web-6.2.6.jar!/:6.2.6]
	at org.apache.catalina.core.ApplicationFilterChain.internalDoFilter(ApplicationFilterChain.java:164) ~[tomcat-embed-core-10.1.40.jar!/:na]
	at org.apache.catalina.core.ApplicationFilterChain.doFilter(ApplicationFilterChain.java:140) ~[tomcat-embed-core-10.1.40.jar!/:na]
	at org.apache.catalina.core.StandardWrapperValve.invoke(StandardWrapperValve.java:167) ~[tomcat-embed-core-10.1.40.jar!/:na]
	at org.apache.catalina.core.StandardContextValve.invoke(StandardContextValve.java:90) ~[tomcat-embed-core-10.1.40.jar!/:na]
	at org.apache.catalina.authenticator.AuthenticatorBase.invoke(AuthenticatorBase.java:483) ~[tomcat-embed-core-10.1.40.jar!/:na]
	at org.apache.catalina.core.StandardHostValve.invoke(StandardHostValve.java:116) ~[tomcat-embed-core-10.1.40.jar!/:na]
	at org.apache.catalina.valves.ErrorReportValve.invoke(ErrorReportValve.java:93) ~[tomcat-embed-core-10.1.40.jar!/:na]
	at org.apache.catalina.core.StandardEngineValve.invoke(StandardEngineValve.java:74) ~[tomcat-embed-core-10.1.40.jar!/:na]
	at org.apache.catalina.connector.CoyoteAdapter.service(CoyoteAdapter.java:344) ~[tomcat-embed-core-10.1.40.jar!/:na]
	at org.apache.coyote.http11.Http11Processor.service(Http11Processor.java:398) ~[tomcat-embed-core-10.1.40.jar!/:na]
	at org.apache.coyote.AbstractProcessorLight.process(AbstractProcessorLight.java:63) ~[tomcat-embed-core-10.1.40.jar!/:na]
	at org.apache.coyote.AbstractProtocol$ConnectionHandler.process(AbstractProtocol.java:903) ~[tomcat-embed-core-10.1.40.jar!/:na]
	at org.apache.tomcat.util.net.NioEndpoint$SocketProcessor.doRun(NioEndpoint.java:1740) ~[tomcat-embed-core-10.1.40.jar!/:na]
	at org.apache.tomcat.util.net.SocketProcessorBase.run(SocketProcessorBase.java:52) ~[tomcat-embed-core-10.1.40.jar!/:na]
	at org.apache.tomcat.util.threads.ThreadPoolExecutor.runWorker(ThreadPoolExecutor.java:1189) ~[tomcat-embed-core-10.1.40.jar!/:na]
	at org.apache.tomcat.util.threads.ThreadPoolExecutor$Worker.run(ThreadPoolExecutor.java:658) ~[tomcat-embed-core-10.1.40.jar!/:na]
	at org.apache.tomcat.util.threads.TaskThread$WrappingRunnable.run(TaskThread.java:63) ~[tomcat-embed-core-10.1.40.jar!/:na]
	at java.base/java.lang.Thread.run(Thread.java:1583) ~[na:na]
Caused by: org.opensearch.client.opensearch._types.OpenSearchException: Request failed: [search_phase_execution_exception] all shards failed
	at org.opensearch.client.transport.Endpoint.exceptionConverter(Endpoint.java:102) ~[opensearch-java-2.19.0.jar!/:na]
	at org.opensearch.client.transport.httpclient5.ApacheHttpClient5Transport.prepareResponse(ApacheHttpClient5Transport.java:547) ~[opensearch-java-2.19.0.jar!/:na]
	at org.opensearch.client.transport.httpclient5.ApacheHttpClient5Transport.lambda$performRequestAsync$0(ApacheHttpClient5Transport.java:191) ~[opensearch-java-2.19.0.jar!/:na]
	at java.base/java.util.concurrent.CompletableFuture$UniApply.tryFire(CompletableFuture.java:646) ~[na:na]
	at java.base/java.util.concurrent.CompletableFuture.postComplete(CompletableFuture.java:510) ~[na:na]
	at java.base/java.util.concurrent.CompletableFuture.complete(CompletableFuture.java:2179) ~[na:na]
	at org.opensearch.client.transport.httpclient5.ApacheHttpClient5Transport$1.completed(ApacheHttpClient5Transport.java:236) ~[opensearch-java-2.19.0.jar!/:na]
	at org.opensearch.client.transport.httpclient5.ApacheHttpClient5Transport$1.completed(ApacheHttpClient5Transport.java:225) ~[opensearch-java-2.19.0.jar!/:na]
	at org.apache.hc.core5.concurrent.BasicFuture.completed(BasicFuture.java:148) ~[httpcore5-5.3.4.jar!/:5.3.4]
	at org.apache.hc.core5.concurrent.ComplexFuture.completed(ComplexFuture.java:72) ~[httpcore5-5.3.4.jar!/:5.3.4]
	at org.apache.hc.client5.http.impl.async.InternalAbstractHttpAsyncClient$2$1.completed(InternalAbstractHttpAsyncClient.java:318) ~[httpclient5-5.4.3.jar!/:5.4.3]
	at org.apache.hc.core5.http.nio.support.AbstractAsyncResponseConsumer$1.completed(AbstractAsyncResponseConsumer.java:101) ~[httpcore5-5.3.4.jar!/:5.3.4]
	at org.apache.hc.core5.http.nio.entity.AbstractBinAsyncEntityConsumer.completed(AbstractBinAsyncEntityConsumer.java:87) ~[httpcore5-5.3.4.jar!/:5.3.4]
	at org.apache.hc.core5.http.nio.entity.AbstractBinDataConsumer.streamEnd(AbstractBinDataConsumer.java:83) ~[httpcore5-5.3.4.jar!/:5.3.4]
	at org.apache.hc.core5.http.nio.support.AbstractAsyncResponseConsumer.streamEnd(AbstractAsyncResponseConsumer.java:142) ~[httpcore5-5.3.4.jar!/:5.3.4]
	at org.apache.hc.client5.http.impl.async.HttpAsyncMainClientExec$1.streamEnd(HttpAsyncMainClientExec.java:283) ~[httpclient5-5.4.3.jar!/:5.4.3]
	at org.apache.hc.core5.http2.impl.nio.ClientH2StreamHandler.consumeData(ClientH2StreamHandler.java:242) ~[httpcore5-h2-5.3.4.jar!/:5.3.4]
	at org.apache.hc.core5.http2.impl.nio.AbstractH2StreamMultiplexer$H2Stream.consumeData(AbstractH2StreamMultiplexer.java:1645) ~[httpcore5-h2-5.3.4.jar!/:5.3.4]
	at org.apache.hc.core5.http2.impl.nio.AbstractH2StreamMultiplexer.consumeDataFrame(AbstractH2StreamMultiplexer.java:1049) ~[httpcore5-h2-5.3.4.jar!/:5.3.4]
	at org.apache.hc.core5.http2.impl.nio.AbstractH2StreamMultiplexer.consumeFrame(AbstractH2StreamMultiplexer.java:738) ~[httpcore5-h2-5.3.4.jar!/:5.3.4]
	at org.apache.hc.core5.http2.impl.nio.AbstractH2StreamMultiplexer.onInput(AbstractH2StreamMultiplexer.java:447) ~[httpcore5-h2-5.3.4.jar!/:5.3.4]
	at org.apache.hc.core5.http2.impl.nio.AbstractH2IOEventHandler.inputReady(AbstractH2IOEventHandler.java:65) ~[httpcore5-h2-5.3.4.jar!/:5.3.4]
	at org.apache.hc.core5.http2.impl.nio.ClientH2IOEventHandler.inputReady(ClientH2IOEventHandler.java:39) ~[httpcore5-h2-5.3.4.jar!/:5.3.4]
	at org.apache.hc.core5.reactor.ssl.SSLIOSession.decryptData(SSLIOSession.java:618) ~[httpcore5-5.3.4.jar!/:5.3.4]
	at org.apache.hc.core5.reactor.ssl.SSLIOSession.access$200(SSLIOSession.java:74) ~[httpcore5-5.3.4.jar!/:5.3.4]
	at org.apache.hc.core5.reactor.ssl.SSLIOSession$1.inputReady(SSLIOSession.java:204) ~[httpcore5-5.3.4.jar!/:5.3.4]
	at org.apache.hc.core5.reactor.InternalDataChannel.onIOEvent(InternalDataChannel.java:143) ~[httpcore5-5.3.4.jar!/:5.3.4]
	at org.apache.hc.core5.reactor.InternalChannel.handleIOEvent(InternalChannel.java:51) ~[httpcore5-5.3.4.jar!/:5.3.4]
	at org.apache.hc.core5.reactor.SingleCoreIOReactor.processEvents(SingleCoreIOReactor.java:176) ~[httpcore5-5.3.4.jar!/:5.3.4]
	at org.apache.hc.core5.reactor.SingleCoreIOReactor.doExecute(SingleCoreIOReactor.java:125) ~[httpcore5-5.3.4.jar!/:5.3.4]
	at org.apache.hc.core5.reactor.AbstractSingleCoreIOReactor.execute(AbstractSingleCoreIOReactor.java:92) ~[httpcore5-5.3.4.jar!/:5.3.4]
	at org.apache.hc.core5.reactor.IOReactorWorker.run(IOReactorWorker.java:44) ~[httpcore5-5.3.4.jar!/:5.3.4]
	... 1 common frames omitted

2026-03-23T17:01:34.831+08:00 DEBUG 86664 --- [DocumentManagement] [nio-8080-exec-6] o.s.security.web.FilterChainProxy        : Securing GET /api/folders/tree
2026-03-23T17:01:34.848+08:00 DEBUG 86664 --- [DocumentManagement] [nio-8080-exec-6] o.s.s.a.dao.DaoAuthenticationProvider    : Authenticated user
2026-03-23T17:01:34.849+08:00 DEBUG 86664 --- [DocumentManagement] [nio-8080-exec-6] o.s.s.w.a.www.BasicAuthenticationFilter  : Set SecurityContextHolder to UsernamePasswordAuthenticationToken [Principal=org.springframework.security.core.userdetails.User [Username=gloria, Password=[PROTECTED], Enabled=true, AccountNonExpired=true, CredentialsNonExpired=true, AccountNonLocked=true, Granted Authorities=[ROLE_SYS_ADMIN]], Credentials=[PROTECTED], Authenticated=true, Details=WebAuthenticationDetails [RemoteIpAddress=0:0:0:0:0:0:0:1, SessionId=null], Granted Authorities=[ROLE_SYS_ADMIN]]
2026-03-23T17:01:34.849+08:00 DEBUG 86664 --- [DocumentManagement] [nio-8080-exec-6] o.s.security.web.FilterChainProxy        : Secured GET /api/folders/tree
2026-03-23T17:01:34.873+08:00 DEBUG 86664 --- [DocumentManagement] [nio-8080-exec-7] o.s.security.web.FilterChainProxy        : Securing GET /api/folders/tree
2026-03-23T17:01:34.887+08:00 DEBUG 86664 --- [DocumentManagement] [nio-8080-exec-7] o.s.s.a.dao.DaoAuthenticationProvider    : Authenticated user
2026-03-23T17:01:34.888+08:00 DEBUG 86664 --- [DocumentManagement] [nio-8080-exec-7] o.s.s.w.a.www.BasicAuthenticationFilter  : Set SecurityContextHolder to UsernamePasswordAuthenticationToken [Principal=org.springframework.security.core.userdetails.User [Username=gloria, Password=[PROTECTED], Enabled=true, AccountNonExpired=true, CredentialsNonExpired=true, AccountNonLocked=true, Granted Authorities=[ROLE_SYS_ADMIN]], Credentials=[PROTECTED], Authenticated=true, Details=WebAuthenticationDetails [RemoteIpAddress=0:0:0:0:0:0:0:1, SessionId=null], Granted Authorities=[ROLE_SYS_ADMIN]]
2026-03-23T17:01:34.889+08:00 DEBUG 86664 --- [DocumentManagement] [nio-8080-exec-7] o.s.security.web.FilterChainProxy        : Secured GET /api/folders/tree
2026-03-23T17:01:34.953+08:00 DEBUG 86664 --- [DocumentManagement] [nio-8080-exec-9] o.s.security.web.FilterChainProxy        : Securing GET /api/documents?page=0&size=12&sort=createdAt%2Cdesc
2026-03-23T17:01:34.967+08:00 DEBUG 86664 --- [DocumentManagement] [nio-8080-exec-9] o.s.s.a.dao.DaoAuthenticationProvider    : Authenticated user
2026-03-23T17:01:34.968+08:00 DEBUG 86664 --- [DocumentManagement] [nio-8080-exec-9] o.s.s.w.a.www.BasicAuthenticationFilter  : Set SecurityContextHolder to UsernamePasswordAuthenticationToken [Principal=org.springframework.security.core.userdetails.User [Username=gloria, Password=[PROTECTED], Enabled=true, AccountNonExpired=true, CredentialsNonExpired=true, AccountNonLocked=true, Granted Authorities=[ROLE_SYS_ADMIN]], Credentials=[PROTECTED], Authenticated=true, Details=WebAuthenticationDetails [RemoteIpAddress=0:0:0:0:0:0:0:1, SessionId=null], Granted Authorities=[ROLE_SYS_ADMIN]]
2026-03-23T17:01:34.969+08:00 DEBUG 86664 --- [DocumentManagement] [nio-8080-exec-9] o.s.security.web.FilterChainProxy        : Secured GET /api/documents?page=0&size=12&sort=createdAt%2Cdesc
2026-03-23T17:01:35.256+08:00 DEBUG 86664 --- [DocumentManagement] [io-8080-exec-10] o.s.security.web.FilterChainProxy        : Securing GET /api/documents?page=0&size=12&sort=createdAt%2Cdesc
2026-03-23T17:01:35.265+08:00 DEBUG 86664 --- [DocumentManagement] [io-8080-exec-10] o.s.s.a.dao.DaoAuthenticationProvider    : Authenticated user
2026-03-23T17:01:35.266+08:00 DEBUG 86664 --- [DocumentManagement] [io-8080-exec-10] o.s.s.w.a.www.BasicAuthenticationFilter  : Set SecurityContextHolder to UsernamePasswordAuthenticationToken [Principal=org.springframework.security.core.userdetails.User [Username=gloria, Password=[PROTECTED], Enabled=true, AccountNonExpired=true, CredentialsNonExpired=true, AccountNonLocked=true, Granted Authorities=[ROLE_SYS_ADMIN]], Credentials=[PROTECTED], Authenticated=true, Details=WebAuthenticationDetails [RemoteIpAddress=0:0:0:0:0:0:0:1, SessionId=null], Granted Authorities=[ROLE_SYS_ADMIN]]
2026-03-23T17:01:35.267+08:00 DEBUG 86664 --- [DocumentManagement] [io-8080-exec-10] o.s.security.web.FilterChainProxy        : Secured GET /api/documents?page=0&size=12&sort=createdAt%2Cdesc
2026-03-23T17:02:36.117+08:00 DEBUG 86664 --- [DocumentManagement] [nio-8080-exec-1] o.s.security.web.FilterChainProxy        : Securing GET /api/audit?limit=100
2026-03-23T17:02:36.132+08:00 DEBUG 86664 --- [DocumentManagement] [nio-8080-exec-1] o.s.s.a.dao.DaoAuthenticationProvider    : Authenticated user
2026-03-23T17:02:36.133+08:00 DEBUG 86664 --- [DocumentManagement] [nio-8080-exec-1] o.s.s.w.a.www.BasicAuthenticationFilter  : Set SecurityContextHolder to UsernamePasswordAuthenticationToken [Principal=org.springframework.security.core.userdetails.User [Username=gloria, Password=[PROTECTED], Enabled=true, AccountNonExpired=true, CredentialsNonExpired=true, AccountNonLocked=true, Granted Authorities=[ROLE_SYS_ADMIN]], Credentials=[PROTECTED], Authenticated=true, Details=WebAuthenticationDetails [RemoteIpAddress=0:0:0:0:0:0:0:1, SessionId=null], Granted Authorities=[ROLE_SYS_ADMIN]]
2026-03-23T17:02:36.134+08:00 DEBUG 86664 --- [DocumentManagement] [nio-8080-exec-1] o.s.security.web.FilterChainProxy        : Secured GET /api/audit?limit=100
2026-03-23T17:02:36.136+08:00 DEBUG 86664 --- [DocumentManagement] [nio-8080-exec-1] horizationManagerBeforeMethodInterceptor : Authorizing method invocation ReflectiveMethodInvocation: public java.util.List com.dms.audit.controller.AuditController.list(int); target is of class [com.dms.audit.controller.AuditController]
2026-03-23T17:02:36.137+08:00 DEBUG 86664 --- [DocumentManagement] [nio-8080-exec-1] horizationManagerBeforeMethodInterceptor : Authorized method invocation ReflectiveMethodInvocation: public java.util.List com.dms.audit.controller.AuditController.list(int); target is of class [com.dms.audit.controller.AuditController]
2026-03-23T17:02:36.145+08:00 DEBUG 86664 --- [DocumentManagement] [nio-8080-exec-8] o.s.security.web.FilterChainProxy        : Securing GET /api/audit?limit=100
2026-03-23T17:02:36.162+08:00 DEBUG 86664 --- [DocumentManagement] [nio-8080-exec-8] o.s.s.a.dao.DaoAuthenticationProvider    : Authenticated user
2026-03-23T17:02:36.163+08:00 DEBUG 86664 --- [DocumentManagement] [nio-8080-exec-8] o.s.s.w.a.www.BasicAuthenticationFilter  : Set SecurityContextHolder to UsernamePasswordAuthenticationToken [Principal=org.springframework.security.core.userdetails.User [Username=gloria, Password=[PROTECTED], Enabled=true, AccountNonExpired=true, CredentialsNonExpired=true, AccountNonLocked=true, Granted Authorities=[ROLE_SYS_ADMIN]], Credentials=[PROTECTED], Authenticated=true, Details=WebAuthenticationDetails [RemoteIpAddress=0:0:0:0:0:0:0:1, SessionId=null], Granted Authorities=[ROLE_SYS_ADMIN]]
2026-03-23T17:02:36.164+08:00 DEBUG 86664 --- [DocumentManagement] [nio-8080-exec-8] o.s.security.web.FilterChainProxy        : Secured GET /api/audit?limit=100
2026-03-23T17:02:36.166+08:00 DEBUG 86664 --- [DocumentManagement] [nio-8080-exec-8] horizationManagerBeforeMethodInterceptor : Authorizing method invocation ReflectiveMethodInvocation: public java.util.List com.dms.audit.controller.AuditController.list(int); target is of class [com.dms.audit.controller.AuditController]
2026-03-23T17:02:36.167+08:00 DEBUG 86664 --- [DocumentManagement] [nio-8080-exec-8] horizationManagerBeforeMethodInterceptor : Authorized method invocation ReflectiveMethodInvocation: public java.util.List com.dms.audit.controller.AuditController.list(int); target is of class [com.dms.audit.controller.AuditController]
2026-03-23T17:02:37.618+08:00 DEBUG 86664 --- [DocumentManagement] [nio-8080-exec-2] o.s.security.web.FilterChainProxy        : Securing GET /api/admin/groups
2026-03-23T17:02:37.618+08:00 DEBUG 86664 --- [DocumentManagement] [nio-8080-exec-3] o.s.security.web.FilterChainProxy        : Securing GET /api/admin/users
2026-03-23T17:02:37.632+08:00 DEBUG 86664 --- [DocumentManagement] [nio-8080-exec-3] o.s.s.a.dao.DaoAuthenticationProvider    : Authenticated user
2026-03-23T17:02:37.632+08:00 DEBUG 86664 --- [DocumentManagement] [nio-8080-exec-2] o.s.s.a.dao.DaoAuthenticationProvider    : Authenticated user
2026-03-23T17:02:37.633+08:00 DEBUG 86664 --- [DocumentManagement] [nio-8080-exec-3] o.s.s.w.a.www.BasicAuthenticationFilter  : Set SecurityContextHolder to UsernamePasswordAuthenticationToken [Principal=org.springframework.security.core.userdetails.User [Username=gloria, Password=[PROTECTED], Enabled=true, AccountNonExpired=true, CredentialsNonExpired=true, AccountNonLocked=true, Granted Authorities=[ROLE_SYS_ADMIN]], Credentials=[PROTECTED], Authenticated=true, Details=WebAuthenticationDetails [RemoteIpAddress=0:0:0:0:0:0:0:1, SessionId=null], Granted Authorities=[ROLE_SYS_ADMIN]]
2026-03-23T17:02:37.633+08:00 DEBUG 86664 --- [DocumentManagement] [nio-8080-exec-2] o.s.s.w.a.www.BasicAuthenticationFilter  : Set SecurityContextHolder to UsernamePasswordAuthenticationToken [Principal=org.springframework.security.core.userdetails.User [Username=gloria, Password=[PROTECTED], Enabled=true, AccountNonExpired=true, CredentialsNonExpired=true, AccountNonLocked=true, Granted Authorities=[ROLE_SYS_ADMIN]], Credentials=[PROTECTED], Authenticated=true, Details=WebAuthenticationDetails [RemoteIpAddress=0:0:0:0:0:0:0:1, SessionId=null], Granted Authorities=[ROLE_SYS_ADMIN]]
2026-03-23T17:02:37.633+08:00 DEBUG 86664 --- [DocumentManagement] [nio-8080-exec-3] o.s.security.web.FilterChainProxy        : Secured GET /api/admin/users
2026-03-23T17:02:37.634+08:00 DEBUG 86664 --- [DocumentManagement] [nio-8080-exec-2] o.s.security.web.FilterChainProxy        : Secured GET /api/admin/groups
2026-03-23T17:02:37.660+08:00 DEBUG 86664 --- [DocumentManagement] [nio-8080-exec-5] o.s.security.web.FilterChainProxy        : Securing GET /api/admin/users
2026-03-23T17:02:37.660+08:00 DEBUG 86664 --- [DocumentManagement] [nio-8080-exec-4] o.s.security.web.FilterChainProxy        : Securing GET /api/admin/groups
2026-03-23T17:02:37.673+08:00 DEBUG 86664 --- [DocumentManagement] [nio-8080-exec-4] o.s.s.a.dao.DaoAuthenticationProvider    : Authenticated user
2026-03-23T17:02:37.673+08:00 DEBUG 86664 --- [DocumentManagement] [nio-8080-exec-5] o.s.s.a.dao.DaoAuthenticationProvider    : Authenticated user
2026-03-23T17:02:37.673+08:00 DEBUG 86664 --- [DocumentManagement] [nio-8080-exec-4] o.s.s.w.a.www.BasicAuthenticationFilter  : Set SecurityContextHolder to UsernamePasswordAuthenticationToken [Principal=org.springframework.security.core.userdetails.User [Username=gloria, Password=[PROTECTED], Enabled=true, AccountNonExpired=true, CredentialsNonExpired=true, AccountNonLocked=true, Granted Authorities=[ROLE_SYS_ADMIN]], Credentials=[PROTECTED], Authenticated=true, Details=WebAuthenticationDetails [RemoteIpAddress=0:0:0:0:0:0:0:1, SessionId=null], Granted Authorities=[ROLE_SYS_ADMIN]]
2026-03-23T17:02:37.674+08:00 DEBUG 86664 --- [DocumentManagement] [nio-8080-exec-5] o.s.s.w.a.www.BasicAuthenticationFilter  : Set SecurityContextHolder to UsernamePasswordAuthenticationToken [Principal=org.springframework.security.core.userdetails.User [Username=gloria, Password=[PROTECTED], Enabled=true, AccountNonExpired=true, CredentialsNonExpired=true, AccountNonLocked=true, Granted Authorities=[ROLE_SYS_ADMIN]], Credentials=[PROTECTED], Authenticated=true, Details=WebAuthenticationDetails [RemoteIpAddress=0:0:0:0:0:0:0:1, SessionId=null], Granted Authorities=[ROLE_SYS_ADMIN]]
2026-03-23T17:02:37.674+08:00 DEBUG 86664 --- [DocumentManagement] [nio-8080-exec-4] o.s.security.web.FilterChainProxy        : Secured GET /api/admin/groups
2026-03-23T17:02:37.674+08:00 DEBUG 86664 --- [DocumentManagement] [nio-8080-exec-5] o.s.security.web.FilterChainProxy        : Secured GET /api/admin/users
2026-03-23T17:03:15.059+08:00 DEBUG 86664 --- [DocumentManagement] [nio-8080-exec-6] o.s.security.web.FilterChainProxy        : Securing GET /api/folders/tree
2026-03-23T17:03:15.075+08:00 DEBUG 86664 --- [DocumentManagement] [nio-8080-exec-6] o.s.s.a.dao.DaoAuthenticationProvider    : Authenticated user
2026-03-23T17:03:15.076+08:00 DEBUG 86664 --- [DocumentManagement] [nio-8080-exec-6] o.s.s.w.a.www.BasicAuthenticationFilter  : Set SecurityContextHolder to UsernamePasswordAuthenticationToken [Principal=org.springframework.security.core.userdetails.User [Username=gloria, Password=[PROTECTED], Enabled=true, AccountNonExpired=true, CredentialsNonExpired=true, AccountNonLocked=true, Granted Authorities=[ROLE_SYS_ADMIN]], Credentials=[PROTECTED], Authenticated=true, Details=WebAuthenticationDetails [RemoteIpAddress=0:0:0:0:0:0:0:1, SessionId=null], Granted Authorities=[ROLE_SYS_ADMIN]]
2026-03-23T17:03:15.077+08:00 DEBUG 86664 --- [DocumentManagement] [nio-8080-exec-6] o.s.security.web.FilterChainProxy        : Secured GET /api/folders/tree
2026-03-23T17:03:15.099+08:00 DEBUG 86664 --- [DocumentManagement] [nio-8080-exec-7] o.s.security.web.FilterChainProxy        : Securing GET /api/folders/tree
2026-03-23T17:03:15.111+08:00 DEBUG 86664 --- [DocumentManagement] [nio-8080-exec-7] o.s.s.a.dao.DaoAuthenticationProvider    : Authenticated user
2026-03-23T17:03:15.111+08:00 DEBUG 86664 --- [DocumentManagement] [nio-8080-exec-7] o.s.s.w.a.www.BasicAuthenticationFilter  : Set SecurityContextHolder to UsernamePasswordAuthenticationToken [Principal=org.springframework.security.core.userdetails.User [Username=gloria, Password=[PROTECTED], Enabled=true, AccountNonExpired=true, CredentialsNonExpired=true, AccountNonLocked=true, Granted Authorities=[ROLE_SYS_ADMIN]], Credentials=[PROTECTED], Authenticated=true, Details=WebAuthenticationDetails [RemoteIpAddress=0:0:0:0:0:0:0:1, SessionId=null], Granted Authorities=[ROLE_SYS_ADMIN]]
2026-03-23T17:03:15.111+08:00 DEBUG 86664 --- [DocumentManagement] [nio-8080-exec-7] o.s.security.web.FilterChainProxy        : Secured GET /api/folders/tree
2026-03-23T17:03:15.185+08:00 DEBUG 86664 --- [DocumentManagement] [nio-8080-exec-9] o.s.security.web.FilterChainProxy        : Securing GET /api/documents?page=0&size=12&sort=createdAt%2Cdesc
2026-03-23T17:03:15.201+08:00 DEBUG 86664 --- [DocumentManagement] [nio-8080-exec-9] o.s.s.a.dao.DaoAuthenticationProvider    : Authenticated user
2026-03-23T17:03:15.202+08:00 DEBUG 86664 --- [DocumentManagement] [nio-8080-exec-9] o.s.s.w.a.www.BasicAuthenticationFilter  : Set SecurityContextHolder to UsernamePasswordAuthenticationToken [Principal=org.springframework.security.core.userdetails.User [Username=gloria, Password=[PROTECTED], Enabled=true, AccountNonExpired=true, CredentialsNonExpired=true, AccountNonLocked=true, Granted Authorities=[ROLE_SYS_ADMIN]], Credentials=[PROTECTED], Authenticated=true, Details=WebAuthenticationDetails [RemoteIpAddress=0:0:0:0:0:0:0:1, SessionId=null], Granted Authorities=[ROLE_SYS_ADMIN]]
2026-03-23T17:03:15.203+08:00 DEBUG 86664 --- [DocumentManagement] [nio-8080-exec-9] o.s.security.web.FilterChainProxy        : Secured GET /api/documents?page=0&size=12&sort=createdAt%2Cdesc
2026-03-23T17:03:15.496+08:00 DEBUG 86664 --- [DocumentManagement] [io-8080-exec-10] o.s.security.web.FilterChainProxy        : Securing GET /api/documents?page=0&size=12&sort=createdAt%2Cdesc
2026-03-23T17:03:15.512+08:00 DEBUG 86664 --- [DocumentManagement] [io-8080-exec-10] o.s.s.a.dao.DaoAuthenticationProvider    : Authenticated user
2026-03-23T17:03:15.513+08:00 DEBUG 86664 --- [DocumentManagement] [io-8080-exec-10] o.s.s.w.a.www.BasicAuthenticationFilter  : Set SecurityContextHolder to UsernamePasswordAuthenticationToken [Principal=org.springframework.security.core.userdetails.User [Username=gloria, Password=[PROTECTED], Enabled=true, AccountNonExpired=true, CredentialsNonExpired=true, AccountNonLocked=true, Granted Authorities=[ROLE_SYS_ADMIN]], Credentials=[PROTECTED], Authenticated=true, Details=WebAuthenticationDetails [RemoteIpAddress=0:0:0:0:0:0:0:1, SessionId=null], Granted Authorities=[ROLE_SYS_ADMIN]]
2026-03-23T17:03:15.513+08:00 DEBUG 86664 --- [DocumentManagement] [io-8080-exec-10] o.s.security.web.FilterChainProxy        : Secured GET /api/documents?page=0&size=12&sort=createdAt%2Cdesc
2026-03-23T17:03:19.172+08:00 DEBUG 86664 --- [DocumentManagement] [nio-8080-exec-1] o.s.security.web.FilterChainProxy        : Securing GET /api/knowledge/topics?page=0&size=8
2026-03-23T17:03:19.176+08:00 DEBUG 86664 --- [DocumentManagement] [nio-8080-exec-8] o.s.security.web.FilterChainProxy        : Securing GET /api/documents?page=0&size=12
2026-03-23T17:03:19.191+08:00 DEBUG 86664 --- [DocumentManagement] [nio-8080-exec-8] o.s.s.a.dao.DaoAuthenticationProvider    : Authenticated user
2026-03-23T17:03:19.191+08:00 DEBUG 86664 --- [DocumentManagement] [nio-8080-exec-1] o.s.s.a.dao.DaoAuthenticationProvider    : Authenticated user
2026-03-23T17:03:19.192+08:00 DEBUG 86664 --- [DocumentManagement] [nio-8080-exec-8] o.s.s.w.a.www.BasicAuthenticationFilter  : Set SecurityContextHolder to UsernamePasswordAuthenticationToken [Principal=org.springframework.security.core.userdetails.User [Username=gloria, Password=[PROTECTED], Enabled=true, AccountNonExpired=true, CredentialsNonExpired=true, AccountNonLocked=true, Granted Authorities=[ROLE_SYS_ADMIN]], Credentials=[PROTECTED], Authenticated=true, Details=WebAuthenticationDetails [RemoteIpAddress=0:0:0:0:0:0:0:1, SessionId=null], Granted Authorities=[ROLE_SYS_ADMIN]]
2026-03-23T17:03:19.192+08:00 DEBUG 86664 --- [DocumentManagement] [nio-8080-exec-1] o.s.s.w.a.www.BasicAuthenticationFilter  : Set SecurityContextHolder to UsernamePasswordAuthenticationToken [Principal=org.springframework.security.core.userdetails.User [Username=gloria, Password=[PROTECTED], Enabled=true, AccountNonExpired=true, CredentialsNonExpired=true, AccountNonLocked=true, Granted Authorities=[ROLE_SYS_ADMIN]], Credentials=[PROTECTED], Authenticated=true, Details=WebAuthenticationDetails [RemoteIpAddress=0:0:0:0:0:0:0:1, SessionId=null], Granted Authorities=[ROLE_SYS_ADMIN]]
2026-03-23T17:03:19.193+08:00 DEBUG 86664 --- [DocumentManagement] [nio-8080-exec-8] o.s.security.web.FilterChainProxy        : Secured GET /api/documents?page=0&size=12
2026-03-23T17:03:19.194+08:00 DEBUG 86664 --- [DocumentManagement] [nio-8080-exec-1] o.s.security.web.FilterChainProxy        : Secured GET /api/knowledge/topics?page=0&size=8
2026-03-23T17:03:19.232+08:00 DEBUG 86664 --- [DocumentManagement] [nio-8080-exec-3] o.s.security.web.FilterChainProxy        : Securing GET /api/knowledge/topics?page=0&size=8
2026-03-23T17:03:19.239+08:00 DEBUG 86664 --- [DocumentManagement] [nio-8080-exec-2] o.s.security.web.FilterChainProxy        : Securing GET /api/documents?page=0&size=12
2026-03-23T17:03:19.245+08:00 DEBUG 86664 --- [DocumentManagement] [nio-8080-exec-3] o.s.s.a.dao.DaoAuthenticationProvider    : Authenticated user
2026-03-23T17:03:19.246+08:00 DEBUG 86664 --- [DocumentManagement] [nio-8080-exec-3] o.s.s.w.a.www.BasicAuthenticationFilter  : Set SecurityContextHolder to UsernamePasswordAuthenticationToken [Principal=org.springframework.security.core.userdetails.User [Username=gloria, Password=[PROTECTED], Enabled=true, AccountNonExpired=true, CredentialsNonExpired=true, AccountNonLocked=true, Granted Authorities=[ROLE_SYS_ADMIN]], Credentials=[PROTECTED], Authenticated=true, Details=WebAuthenticationDetails [RemoteIpAddress=0:0:0:0:0:0:0:1, SessionId=null], Granted Authorities=[ROLE_SYS_ADMIN]]
2026-03-23T17:03:19.249+08:00 DEBUG 86664 --- [DocumentManagement] [nio-8080-exec-3] o.s.security.web.FilterChainProxy        : Secured GET /api/knowledge/topics?page=0&size=8
2026-03-23T17:03:19.253+08:00 DEBUG 86664 --- [DocumentManagement] [nio-8080-exec-2] o.s.s.a.dao.DaoAuthenticationProvider    : Authenticated user
2026-03-23T17:03:19.254+08:00 DEBUG 86664 --- [DocumentManagement] [nio-8080-exec-2] o.s.s.w.a.www.BasicAuthenticationFilter  : Set SecurityContextHolder to UsernamePasswordAuthenticationToken [Principal=org.springframework.security.core.userdetails.User [Username=gloria, Password=[PROTECTED], Enabled=true, AccountNonExpired=true, CredentialsNonExpired=true, AccountNonLocked=true, Granted Authorities=[ROLE_SYS_ADMIN]], Credentials=[PROTECTED], Authenticated=true, Details=WebAuthenticationDetails [RemoteIpAddress=0:0:0:0:0:0:0:1, SessionId=null], Granted Authorities=[ROLE_SYS_ADMIN]]
2026-03-23T17:03:19.256+08:00 DEBUG 86664 --- [DocumentManagement] [nio-8080-exec-2] o.s.security.web.FilterChainProxy        : Secured GET /api/documents?page=0&size=12
2026-03-23T17:03:20.203+08:00 DEBUG 86664 --- [DocumentManagement] [nio-8080-exec-4] o.s.security.web.FilterChainProxy        : Securing GET /api/folders/tree
2026-03-23T17:03:20.219+08:00 DEBUG 86664 --- [DocumentManagement] [nio-8080-exec-4] o.s.s.a.dao.DaoAuthenticationProvider    : Authenticated user
2026-03-23T17:03:20.219+08:00 DEBUG 86664 --- [DocumentManagement] [nio-8080-exec-4] o.s.s.w.a.www.BasicAuthenticationFilter  : Set SecurityContextHolder to UsernamePasswordAuthenticationToken [Principal=org.springframework.security.core.userdetails.User [Username=gloria, Password=[PROTECTED], Enabled=true, AccountNonExpired=true, CredentialsNonExpired=true, AccountNonLocked=true, Granted Authorities=[ROLE_SYS_ADMIN]], Credentials=[PROTECTED], Authenticated=true, Details=WebAuthenticationDetails [RemoteIpAddress=0:0:0:0:0:0:0:1, SessionId=null], Granted Authorities=[ROLE_SYS_ADMIN]]
2026-03-23T17:03:20.220+08:00 DEBUG 86664 --- [DocumentManagement] [nio-8080-exec-4] o.s.security.web.FilterChainProxy        : Secured GET /api/folders/tree
2026-03-23T17:03:20.241+08:00 DEBUG 86664 --- [DocumentManagement] [nio-8080-exec-5] o.s.security.web.FilterChainProxy        : Securing GET /api/folders/tree
2026-03-23T17:03:20.255+08:00 DEBUG 86664 --- [DocumentManagement] [nio-8080-exec-5] o.s.s.a.dao.DaoAuthenticationProvider    : Authenticated user
2026-03-23T17:03:20.255+08:00 DEBUG 86664 --- [DocumentManagement] [nio-8080-exec-5] o.s.s.w.a.www.BasicAuthenticationFilter  : Set SecurityContextHolder to UsernamePasswordAuthenticationToken [Principal=org.springframework.security.core.userdetails.User [Username=gloria, Password=[PROTECTED], Enabled=true, AccountNonExpired=true, CredentialsNonExpired=true, AccountNonLocked=true, Granted Authorities=[ROLE_SYS_ADMIN]], Credentials=[PROTECTED], Authenticated=true, Details=WebAuthenticationDetails [RemoteIpAddress=0:0:0:0:0:0:0:1, SessionId=null], Granted Authorities=[ROLE_SYS_ADMIN]]
2026-03-23T17:03:20.256+08:00 DEBUG 86664 --- [DocumentManagement] [nio-8080-exec-5] o.s.security.web.FilterChainProxy        : Secured GET /api/folders/tree
2026-03-23T17:03:20.329+08:00 DEBUG 86664 --- [DocumentManagement] [nio-8080-exec-6] o.s.security.web.FilterChainProxy        : Securing GET /api/documents?page=0&size=12&sort=createdAt%2Cdesc
2026-03-23T17:03:20.343+08:00 DEBUG 86664 --- [DocumentManagement] [nio-8080-exec-6] o.s.s.a.dao.DaoAuthenticationProvider    : Authenticated user
2026-03-23T17:03:20.343+08:00 DEBUG 86664 --- [DocumentManagement] [nio-8080-exec-6] o.s.s.w.a.www.BasicAuthenticationFilter  : Set SecurityContextHolder to UsernamePasswordAuthenticationToken [Principal=org.springframework.security.core.userdetails.User [Username=gloria, Password=[PROTECTED], Enabled=true, AccountNonExpired=true, CredentialsNonExpired=true, AccountNonLocked=true, Granted Authorities=[ROLE_SYS_ADMIN]], Credentials=[PROTECTED], Authenticated=true, Details=WebAuthenticationDetails [RemoteIpAddress=0:0:0:0:0:0:0:1, SessionId=null], Granted Authorities=[ROLE_SYS_ADMIN]]
2026-03-23T17:03:20.344+08:00 DEBUG 86664 --- [DocumentManagement] [nio-8080-exec-6] o.s.security.web.FilterChainProxy        : Secured GET /api/documents?page=0&size=12&sort=createdAt%2Cdesc
2026-03-23T17:03:20.638+08:00 DEBUG 86664 --- [DocumentManagement] [nio-8080-exec-7] o.s.security.web.FilterChainProxy        : Securing GET /api/documents?page=0&size=12&sort=createdAt%2Cdesc
2026-03-23T17:03:20.655+08:00 DEBUG 86664 --- [DocumentManagement] [nio-8080-exec-7] o.s.s.a.dao.DaoAuthenticationProvider    : Authenticated user
2026-03-23T17:03:20.656+08:00 DEBUG 86664 --- [DocumentManagement] [nio-8080-exec-7] o.s.s.w.a.www.BasicAuthenticationFilter  : Set SecurityContextHolder to UsernamePasswordAuthenticationToken [Principal=org.springframework.security.core.userdetails.User [Username=gloria, Password=[PROTECTED], Enabled=true, AccountNonExpired=true, CredentialsNonExpired=true, AccountNonLocked=true, Granted Authorities=[ROLE_SYS_ADMIN]], Credentials=[PROTECTED], Authenticated=true, Details=WebAuthenticationDetails [RemoteIpAddress=0:0:0:0:0:0:0:1, SessionId=null], Granted Authorities=[ROLE_SYS_ADMIN]]
2026-03-23T17:03:20.657+08:00 DEBUG 86664 --- [DocumentManagement] [nio-8080-exec-7] o.s.security.web.FilterChainProxy        : Secured GET /api/documents?page=0&size=12&sort=createdAt%2Cdesc
